L,angle,angle_err,correct,est_angle,est_speed,geba,noise,quality,seed,speed,speed_err,texture,valid
4,68.76175336508658,0.03097198103291987,1,68.7927253461195,31.386972978233494,8.062168983265245,0,0.9935677593849398,5000,31.39121633381545,0.00013517652635153254,random,1
4,150.70594971419814,0.06538989159582798,1,150.77133960579397,17.58233859917954,5.278608725479059,0,0.9967569034162239,5001,17.57850000926243,0.00021836845664235938,random,1
4,13.900505194794292,0.011235718605135503,1,13.911740913399429,29.425746833044723,8.079886245384568,0,0.9967399035451855,5002,29.426520359291693,2.6286704561950813e-05,random,1
4,165.5199732416508,0.06240889852625742,1,165.58238214017706,3.0050874361347204,4.503691872373152,0,0.9890929894385398,5003,3.0048272432892884,8.659161554569472e-05,random,1
4,51.44848840181107,0.1210310539279078,1,51.327457347883154,10.403354756265808,3.963783673008872,0,0.9974742794242356,5004,10.406029699854766,0.000257057078070444,random,1
4,41.43952068914142,0.05817815457872655,1,41.38134253456269,3.858501315766559,5.004116668900029,0,0.9928755778418019,5005,3.8576309318339406,0.00022562654333668775,random,1
4,27.618557216216825,0.02027107076534662,1,27.598286145451485,1.7833857763824763,3.823749586108189,0,0.9867420341025157,5006,1.7836168737385645,0.0001295667020708713,random,1
4,76.3012528746311,0.031221865702889318,1,76.27003100892821,29.23957137648535,7.564362880895173,0,0.9897899627805105,5007,29.25190150163654,0.00042151533808831854,random,1
4,88.48556720154838,0.03140534275121354,1,88.51697254429959,1.2444310631465343,3.059818247435248,0,0.9796227422146819,5008,1.2446321974483452,0.00016160139696153042,random,1
4,38.0909395427685,0.05641870585722586,1,38.03452083691128,2.7156140765154944,4.821248910745459,0,0.9933795115125907,5009,2.7164394118937767,0.00030382984971744076,random,1
4,104.22369523574238,0.05728089862161312,1,104.16641433712077,2.0511761688998504,4.347673541283827,0,0.9863985639233207,5010,2.0521865816831477,0.0004923591218828349,random,1
4,159.8516083794511,0.12667758312889532,1,159.97828596258,7.749068431685201,5.854904450405536,0,0.9982020966933854,5011,7.75029545122686,0.00015831906659313777,random,1
4,89.33438499410418,0.04276085741722113,1,89.29162413668696,1.4635356025224473,3.4490600654470724,0,0.9814528592935867,5012,1.4632383357065335,0.00020315679862936697,random,1
4,87.45326136827127,0.024146011959643943,1,87.47740738023091,2.7334499444341542,4.34344303614808,0,0.9905131565103912,5013,2.7333331600873394,4.2725983250058164e-05,random,1
4,166.77162361516852,0.029729889292525513,1,166.80135350446105,26.764331463627396,7.485723243548399,0,0.9967565060029475,5014,26.770967938716755,0.0002478982121434381,random,1
4,140.76467879469246,0.04966268691848086,1,140.81434148161094,13.935875618340159,4.819666772337995,0,0.9959586478004809,5015,13.933672717050056,0.00015809911247632868,random,1
4,93.17187581432515,0.05856156317149441,1,93.11331425115365,2.620799192488791,4.582049140842242,0,0.9926816932346871,5016,2.6199508316299878,0.0003238079312639641,random,1
4,137.88188816317953,0.025061404108072338,1,137.9069495672876,16.249783222111947,5.245560213005002,0,0.9973553197707807,5017,16.25607919923806,0.0003872998555768392,random,1
4,153.25556427069452,0.18636849262748,1,153.06919577806704,7.301445447068787,5.671744066258611,0,0.9975455110124344,5018,7.302088358365256,8.804485304991783e-05,random,1
4,66.80130640586708,0.038589652831348076,1,66.83989605869843,19.15877049029018,5.695978980309468,0,0.9982128122332935,5019,19.16136332441775,0.0001353157436487784,random,1
4,54.212835277698886,0.08915626510598429,1,54.1236790125929,4.8736701008008865,5.746634919065288,0,0.9968627009253104,5020,4.875377302944124,0.00035016820999822507,random,1
4,88.8807714394015,0.033187342886762394,1,88.91395878228826,16.591498310785965,5.18959556861263,0,0.9972815086267265,5021,16.594618681273854,0.0001880350822046628,random,1
4,86.72890444947423,0.2104314014997044,1,86.93933585097393,7.036435917523698,5.71195768084532,0,0.9950259401717257,5022,7.036676077176139,3.4129701269036694e-05,random,1
4,177.03494287836838,0.029291548415216084,1,177.00565132995317,2.408535698065488,4.453653611352997,0,0.987142319163581,5023,2.4101222490744703,0.0006582865286569595,random,1
4,174.55627514599956,0.11910917087467965,1,174.67538431687424,6.742616402186468,4.791924716336882,0,0.9979397676117947,5024,6.7449110750905925,0.0003402080292205234,random,1
4,162.03520990577857,0.005939897783605375,1,162.02927000799497,2.1836433646456905,4.535003715939474,0,0.9868201471361115,5025,2.184450294960993,0.00036939742559660704,random,1
4,59.32206615300082,0.08311704644683005,1,59.23894910655399,3.0606117123709398,4.7999531469379475,0,0.9931652562405229,5026,3.0610230664837887,0.00013438451913450056,random,1
4,135.61682993964112,0.16796131592937513,1,135.7847912555705,11.839538699284551,4.274899115723175,0,0.9961205059559339,5027,11.841001466856417,0.00012353410950582955,random,1
4,171.95369029598825,0.0022528157370516055,1,171.9559431117253,28.723089587350238,7.65964177810933,0,0.9972169248898246,5028,28.718311201816505,0.00016638811036462364,random,1
4,114.7355249206729,0.019221461606619528,1,114.75474638227952,25.203338871432702,7.0180856509995255,0,0.9971816871676968,5029,25.20035150074499,0.0001185448023461877,random,1
4,25.248328189077473,0.08329530506793503,1,25.165032884009534,3.9999758184627643,5.383054637298451,0,0.9950935676575154,5030,3.9998416240719257,3.354992608484153e-05,random,1
4,56.730937969960706,0.10570813149772107,1,56.83664610145842,3.820741951668147,5.423900909467397,0,0.9928845838907642,5031,3.8210182330018436,7.230568315808039e-05,random,1
4,100.42481404659938,0.1741784605847414,1,100.25063558601464,8.313573618905918,4.469213601863947,0,0.9974289729845709,5032,8.315398085316815,0.000219408186135861,random,1
4,86.44121864574255,0.01331872079433083,1,86.42789992494822,1.4627691984896471,3.3166633501969565,0,0.9824681569676473,5033,1.4628083298094687,2.6750818288512335e-05,random,1
4,118.40855469816046,0.013955272571379851,1,118.42250997073184,18.248171920151357,5.461532591763233,0,0.9965387348369042,5034,18.24999192121684,9.972612992592556e-05,random,1
4,15.218498512618961,0.07529304904481648,1,15.143205463574139,1.2324064864390436,3.16173086903675,0,0.9824874769117918,5035,1.2327203963343236,0.00025464809068909133,random,1
4,148.53530081562434,0.017923227744830683,1,148.5173775878795,1.786843654463724,3.8298891455655717,0,0.9820573835853442,5036,1.7863169395352285,0.0002948608485080495,random,1
4,74.08207667838153,0.01105081081485082,1,74.07102586756668,30.797259865654205,8.028430789968123,0,0.9975986969660218,5037,30.800601005294695,0.0001084764430381302,random,1
4,153.83278868153045,0.02724766363485287,1,153.8600363451653,30.780644751473154,7.980962297103,0,0.9963267896394787,5038,30.78822721788825,0.00024627811018262946,random,1
4,134.41364410185716,0.09399530333908501,1,134.31964879851807,1.7288587251598033,3.8390477821861335,0,0.9856530327889557,5039,1.7295907040723024,0.00042320932390282895,random,1
4,99.57749100066148,0.17829425942346688,1,99.75578526008495,8.1234761464577,4.68449547921177,0,0.9946334513501595,5040,8.122918165527524,6.869217672811345e-05,random,1
4,176.6612503420279,0.22499454572459854,1,176.8862448877525,9.88897016621824,4.5098908202156,0,0.9955840788120441,5041,9.886544283442497,0.0002453721650552687,random,1
4,170.01629655788688,0.0020550801614547254,1,170.01424147772542,1.9353306192021946,4.266542327741216,0,0.9769525141437894,5042,1.9357619866118227,0.00022284114091064566,random,1
4,139.31717910410083,0.0860735297179076,1,139.23110557438292,3.2463495595517706,4.941724296003753,0,0.9918292931343878,5043,3.247368763162296,0.0003138552116676019,random,1
4,44.537454445992005,0.0519033814556451,1,44.58935782744764,2.6364859017603512,4.274675076670296,0,0.9908069366161358,5044,2.636824851714665,0.00012854473595136362,random,1
4,121.9774199537794,0.002678819443985958,1,121.97474113433542,1.239866566445891,3.2974207474450394,0,0.9806856616346994,5045,1.2396449249333301,0.0001787943532078895,random,1
4,77.32014953979099,0.06084985519002828,1,77.25929968460096,3.5427854008591146,5.054200252475057,0,0.9927608132809939,5046,3.5438200401945417,0.00029195594688558035,random,1
4,56.75169378565497,0.02953396997079949,1,56.78122775562577,30.927935592827062,8.149427106057914,0,0.9959763312522936,5047,30.929349321864,4.570833424999421e-05,random,1
4,99.46589848064686,0.05318591099091918,1,99.51908439163778,17.362845810433797,4.914810385792687,0,0.9958524106557738,5048,17.369512225249782,0.000383799771089377,random,1
4,44.45691807066213,0.06161906643802695,1,44.39529900422409,1.542213566937992,3.5353115799071246,0,0.9842742723752556,5049,1.5424602487475325,0.00015992749877402623,random,1
4,43.164563789982324,0.0424922197723987,1,43.122071570209926,1.4304848987102743,3.4655868165373467,0,0.982916934532139,5050,1.4317741676105304,0.0009004694521118628,random,1
4,145.6214367083867,0.024273357566357845,1,145.64571006595307,20.763040742843913,6.0841492129938075,0,0.9973296512177142,5051,20.765414689226517,0.00011432212735129621,random,1
4,48.209556330015296,0.16538895485712146,1,48.04416737515818,7.3772530620398795,5.623709544112741,0,0.9974489123760785,5052,7.377232668185057,2.764431561219638e-06,random,1
4,116.36355840278624,0.24993423622403554,1,116.1136241665622,9.664715045794658,4.585742355699945,0,0.9968705486972066,5053,9.66798763007215,0.0003384969450428432,random,1
4,1.613353486104443,0.20823944572389053,1,1.821592931828339,8.069366955473981,4.727867674490036,0,0.9972049523043782,5054,8.070355030844924,0.00012243270180389842,random,1
4,81.02768303786463,0.006414474062339082,1,81.0212685638023,2.7924130889657706,4.929566637483534,0,0.9938248182671028,5055,2.791608682200757,0.00028815169194107426,random,1
4,101.1208174097951,0.054101487873779774,1,101.06671592192131,12.619464377545652,4.799019027206556,0,0.9943784572667477,5056,12.621418562706683,0.00015483086558942816,random,1
4,145.28585258717817,0.0945335455960219,1,145.19131904158215,3.457816746825216,5.145581256785766,0,0.9911501522259364,5057,3.4593205951973207,0.0004347236200635818,random,1
4,92.77420927359272,0.09649774302299363,1,92.87070701661571,4.928672025311692,5.682178797104408,0,0.9950618505457083,5058,4.929446004723251,0.00015701143917934424,random,1
4,46.72468941129024,0.20307852153111128,1,46.927767932821354,10.240641186295436,4.954151166998822,0,0.9959535003723388,5059,10.245808763639106,0.0005043601205996229,random,1
4,11.649766745329885,0.1637941135498835,1,11.813560858879763,6.888300682952606,3.3182551000258473,0.25,0.9764599885268341,5060,6.893125019464566,0.0006998765434165222,random,1
4,121.3497301612458,0.22111530726574813,1,121.57084546851155,2.320931437282491,1.857410997923033,0.25,0.8692663887270327,5061,2.3276327563343386,0.0028790276445503915,random,1
4,66.42129602342303,0.04542795211519035,1,66.37586807130783,28.24515068867279,5.680080817897936,0.25,0.9799081134477307,5062,28.235554368028957,0.0003398665568508097,random,1
4,94.92366943428426,0.038738889854698755,1,94.96240832413896,6.691895287597896,3.5557343622649347,0.25,0.9718804546393075,5063,6.698257042779027,0.0009497627726886559,random,1
4,110.67327299849735,0.1572394148870302,1,110.83051241338438,3.4176597601414964,2.4552679263749866,0.25,0.9427410080564245,5064,3.4195595323960757,0.0005555605149087928,random,1
4,34.4880686262798,0.044738312689844406,1,34.53280693896964,7.6917798382939875,2.994895068653906,0.25,0.9725970484275582,5065,7.695448196796701,0.0004766919884198195,random,1
4,70.70699203185578,1.1626387380042047,1,71.86963076985998,1.4226202143422293,1.375282763334982,0.25,0.823421642481363,5066,1.4113935019428,0.007954346101193943,random,1
4,91.16084770403532,0.0764247700824967,1,91.08442293395282,3.0354797912045406,2.2205159271216286,0.25,0.9061562185458015,5067,3.0310081542309573,0.0014752969131215377,random,1
4,179.47187623869823,0.14776842303155036,1,179.61964466172978,2.110358062091666,1.6943560090071212,0.25,0.8606145084147889,5068,2.107088437087996,0.0015517265180329254,random,1
4,111.29911736631246,0.08422258675712158,1,111.38333995306958,3.1151045646477646,2.3225571905539906,0.25,0.9328656400276405,5069,3.1077519079561715,0.0023659085117990752,random,1
4,11.748813865746861,0.03651106741524757,1,11.712302798331617,4.111086535918617,2.647214865877341,0.25,0.9570371841635904,5070,4.110529072091806,0.00013561850969412426,random,1
4,69.83175410672561,0.039981797327058644,1,69.87173590405267,19.795362411744655,4.743633799053958,0.25,0.9799192243267558,5071,19.802256938009993,0.00034816871061316146,random,1
4,3.9869719604087717,0.021157161415857217,1,4.00812912182463,3.3862518265145156,2.348949131593435,0.25,0.9382140071715359,5072,3.3820479213614534,0.0012430057914052384,random,1
4,172.5153866493522,0.1285519036050573,1,172.64393855295725,6.866464431078781,3.0251745953851983,0.25,0.9792935079341726,5073,6.8657187054170254,0.00010861581922472219,random,1
4,36.10324714360695,0.0378110701022365,1,36.06543607350472,26.22393076571621,5.847857002843289,0.25,0.9867953388961538,5074,26.218091662636166,0.00022271274184171297,random,1
4,145.73414865467166,0.13723388379003154,1,145.8713825384617,10.343753451509842,3.4913495365981255,0.25,0.984294877043891,5075,10.342814558157697,9.077735531914932e-05,random,1
4,123.43161648641188,0.03992092952545079,1,123.39169555688643,6.441986950427653,2.9639318512895065,0.25,0.9710085382267593,5076,6.437104173144318,0.0007585363157094349,random,1
4,54.69773018562344,1.1843876604020522,1,55.882117846025494,1.419465241820178,1.3156509481896348,0.25,0.7855563597508773,5077,1.4148083618260487,0.0032915270504330074,random,1
4,85.23314482640941,0.09005845335123297,1,85.14308637305818,10.992621087605269,3.4323490556739484,0.25,0.9816622485679225,5078,11.002306887252383,0.0008803426178137785,random,1
4,80.43183649661866,0.07831185254721618,1,80.35352464407144,11.576066596737274,3.3747477945347844,0.25,0.9803168243136241,5079,11.573253793635194,0.0002430434130482606,random,1
4,118.05681797153132,0.02482026908313628,1,118.08163824061445,2.9734401096394008,2.2534030054319163,0.25,0.9196716964368938,5080,2.9723832182356107,0.00035557037104294587,random,1
4,10.392485517582173,0.06003563323115202,1,10.332449884351027,1.908131391419791,1.4952496952183132,0.25,0.7837113915733631,5081,1.9049426370465565,0.0016739372153371512,random,1
4,174.1543554363683,0.0428779341844745,1,174.11147750218382,3.139947595639785,2.3353250556599296,0.25,0.9251212003984555,5082,3.13946527860946,0.0001536303120188709,random,1
4,167.82175480340854,0.08803402816690209,1,167.90978883157544,7.06253735536826,3.5948028628697366,0.25,0.9781244458781754,5083,7.065406691759568,0.00040611057742145906,random,1
4,81.5416044721353,0.08626712186148211,1,81.45533735027382,2.5875936955007144,2.0548615027446737,0.25,0.9345026315494079,5084,2.5876335433927093,1.539935671990289e-05,random,1
4,138.0311573638622,0.05875029534769283,1,137.9724070685145,2.1394544169136047,1.7592656180990065,0.25,0.8366650083607355,5085,2.138208329672631,0.0005827716708803887,random,1
4,5.9419599602178685,0.021301142900199466,1,5.963261103118073,2.593933168357056,2.0334371821776243,0.25,0.9168652663887298,5086,2.592681158382495,0.0004829016365985872,random,1
4,68.81695714286667,0.14410251436349597,1,68.96105965723017,11.340117333985711,3.743335424219018,0.25,0.9841269635571219,5087,11.340346579599718,2.0215044786997538e-05,random,1
4,74.19348947391171,0.18280210238161487,1,74.0106873715301,2.110088632776007,1.6333469560130045,0.25,0.8121750800310126,5088,2.1055817923189872,0.0021404252608283603,random,1
4,32.99394712177089,0.018479641511277123,1,33.01242676328216,4.754841358173327,3.066821918174824,0.25,0.9718722444492727,5089,4.754491786862085,7.352443266572806e-05,random,1
4,104.98528778127567,0.0036882347976074925,1,104.98159954647807,15.428928857658912,3.9847244979078504,0.25,0.9838681862727288,5090,15.438058929781734,0.000591400263747488,random,1
4,96.9514973766037,0.02399432037690019,1,96.9754916969806,6.392517697325432,3.478036013494294,0.25,0.9727374296565245,5091,6.390277003347069,0.00035064113452198953,random,1
4,23.415979894618026,0.05459267350087771,1,23.361387221117145,13.906603714801449,3.6738984197190367,0.25,0.985825802460783,5092,13.900280825864982,0.0004548749061745738,random,1
4,179.3034382545091,0.12341290548073403,1,179.18002534902837,10.981999941342677,3.4537452415722187,0.25,0.9807948451983817,5093,10.988922623828428,0.000629969171931366,random,1
4,172.1688039486437,0.12413026006205996,1,172.04467368858164,8.533584580129942,3.428712656952324,0.25,0.9761123011927345,5094,8.53076009697521,0.00033109396145514225,random,1
4,20.732630808829718,0.23373084226390972,1,20.498899966565812,2.540885763849646,1.8622811728260389,0.25,0.9117882751601465,5095,2.5426500235098652,0.0006938664951552376,random,1
4,109.30059864885288,0.09394418029314977,1,109.39454282914603,1.3676910662035042,1.3315311679696384,0.25,0.7919343948985719,5096,1.363008111760184,0.0034357495035541863,random,1
4,47.440200670389785,0.08295062745081339,1,47.35725004293897,3.190550367613861,2.330962224477453,0.25,0.9271583078698817,5097,3.1901228401780424,0.00013401597908213603,random,1
4,19.708950400452274,0.026651782019015968,1,19.735602182471293,18.634439328234325,4.507520708647273,0.25,0.9833278522222999,5098,18.63246417391361,0.00010600607103161686,random,1
4,2.8663576069233643,0.7578581609726598,1,2.108499445950706,1.5961355286344916,1.3732121299394193,0.25,0.7920598214669456,5099,1.5953045861884654,0.0005208675842971466,random,1
4,57.45851822480133,0.16614369091743697,1,57.62466191571877,4.3571560484405465,2.683194376949889,0.25,0.9632671946357869,5100,4.358275332608246,0.00025681814072753273,random,1
4,5.689918204706908,0.1451594559249827,1,5.835077660631885,11.295666843327147,3.333753662506105,0.25,0.982509050691678,5101,11.305762331375814,0.0008929506700002809,random,1
4,179.40529343211492,0.04099004442704768,1,179.44628347654196,17.314478732101062,3.99733142119848,0.25,0.9832058534900638,5102,17.317481451873245,0.00017339240584890447,random,1
4,102.89754085206532,0.0627987668704435,1,102.96033961893576,8.113125284162823,3.5768009376524867,0.25,0.9791376307037859,5103,8.113432332913975,3.784449522137301e-05,random,1
4,12.272474417117571,0.04798191034660704,1,12.22449250677097,22.859434008048837,5.09986654742205,0.25,0.9863167813203523,5104,22.85609124875865,0.00014625244770893886,random,1
4,165.45731022865303,0.13884398760936278,1,165.31846624104367,11.83411733073924,3.401169274911064,0.25,0.9783191310239361,5105,11.835640209888634,0.000128668928962683,random,1
4,140.88243038755297,0.5061865543659962,1,141.38861694191897,1.5560891924324167,1.3346085281735636,0.25,0.717256847352739,5106,1.5459657980333383,0.00654826543508058,random,1
4,29.6952004783669,0.033312656807169105,1,29.72851313517406,3.3580014472542112,2.4279435692584888,0.25,0.9355351235448361,5107,3.3591301444474557,0.00033600877152983877,random,1
4,176.04590372438037,3.7206528949858466,0,179.7665566193662,1.2298842869173972,1.312360683164539,0.25,0.7849908078274227,5108,1.2648425319926877,0.027638416791864073,random,1
4,133.4848491020782,0.02572307033267407,1,133.4591260317455,17.72060279739117,4.094582239295874,0.25,0.981247223878093,5109,17.72925636866344,0.00048809555755335854,random,1
4,51.00986159142414,0.003965816709452952,1,51.013827408133594,8.093209289515986,3.6837570743958143,0.25,0.9780482855435131,5110,8.090307763139284,0.00035864227439175167,random,1
4,25.851811418420066,0.07669485771610596,1,25.92850627613617,5.081653135708232,3.0904951306979926,0.25,0.9707361490876201,5111,5.08333074298759,0.0003300212723068574,random,1
4,130.720772023319,0.7478117704251304,1,129.97296025289387,1.164908811276847,1.3053122748550472,0.25,0.8084235057610348,5112,1.1679640290595201,0.002615849209956611,random,1
4,165.07248457606767,0.07479525284804822,1,164.99768932321962,5.1947519302341165,3.1878023270398184,0.25,0.9713189681638331,5113,5.19595130161548,0.0002308280643412708,random,1
4,94.2493601512313,1.3574919443284585,1,95.60685209555976,1.934979561061742,1.4880514168328307,0.25,0.7653830769966339,5114,1.9288269511297833,0.0031898195576098853,random,1
4,66.10592613701183,0.06272068088676974,1,66.04320545612507,10.423702252268075,3.485521146586361,0.25,0.9784620948035375,5115,10.422872615104772,7.959774564447741e-05,random,1
4,179.5908595855239,0.1257342669182151,1,179.71659385244212,4.137235090390626,2.5372845249569678,0.25,0.9516364933581503,5116,4.133006895188779,0.0010230312479684311,random,1
4,47.904183471908624,0.06915354973651233,1,47.97333702164514,1.8630270078355475,1.5892207928729687,0.25,0.8170671952334958,5117,1.858732955533477,0.002310203996376714,random,1
4,135.10767190788238,0.07733765800875858,1,135.03033424987362,9.37689854560746,3.826396059117808,0.25,0.9854906928180003,5118,9.376311922242351,6.256440378415995e-05,random,1
4,84.96917936436114,0.024724664006924968,1,84.99390402836806,9.92549666850398,3.7031173751395863,0.25,0.9775494456958015,5119,9.92484737798307,6.542070584880655e-05,random,1
4,1.3811491682916133,1.4745963722964461,1,179.90655279599517,1.6489484456424883,1.3565025702512576,0.5,0.6575815102483111,5120,1.603484614480027,0.02835314461511329,random,1
4,172.4724714109346,0.40144256920370935,1,172.07102884173088,1.2121030116118177,1.2157892740184082,0.5,0.6527955084688136,5121,1.2090914902102972,0.0024907307891124386,random,1
4,39.187627092304474,39.255954833912284,0,179.93167225839218,36.24068030776006,1.2452269997689922,0.5,0.31448631460552445,5122,1.1584664723848745,30.283322540317684,random,0
4,53.4041912516926,0.11463784718236525,1,53.51882909887496,3.5217314555172567,1.6983388497274503,0.5,0.8854974585049786,5123,3.517605393305118,0.0011729747230861953,random,1
4,159.98314373483836,1.0117711495025503,1,158.9713725853358,1.2242465190155467,1.3079755755089237,0.5,0.583603633422901,5124,1.2532914198524252,0.02317489801398187,random,0
4,168.7681022868933,0.029893896226212746,1,168.79799618311952,5.456044661209661,2.191179341467027,0.5,0.9291854458604374,5125,5.457996119117346,0.0003575410947710411,random,1
4,84.94491936662592,0.07748805964671135,1,85.02240742627264,4.959042871941098,2.0264620210393973,0.5,0.9341168958785869,5126,4.966385430384826,0.001478451188827501,random,1
4,18.65846280996632,0.06616730695898809,1,18.592295503007325,14.75144467965935,2.8664462375395745,0.5,0.9517850802312159,5127,14.7553018645579,0.00026141009746571964,random,1
4,77.95380361525402,0.06238492147461727,1,78.01618853672863,11.115798824370158,2.7050496210823285,0.5,0.9500010720038143,5128,11.121361365565244,0.0005001672917768207,random,1
4,111.36191697264005,68.67374253976101,0,0.03565951240103287,63.81437679222972,1.2926378169705266,0.5,0.31199275139983357,5129,2.1270626345248647,29.001174275004054,random,0
4,63.16190989564294,0.02437160533352767,1,63.137538290309415,5.309368514716844,2.1749156185714824,0.5,0.9292211587194719,5130,5.310477574365193,0.0002088436741928268,random,1
4,117.33164691006864,0.12489380846621145,1,117.20675310160243,22.65602755584216,3.9593971527573015,0.5,0.9544261369516746,5131,22.651030366257498,0.0002206164357143603,random,1
4,171.5776582191513,0.10828227527281342,1,171.6859404944241,5.912398659352658,2.176862701133582,0.5,0.9366531874728877,5132,5.908268169607678,0.0006991032949770215,random,1
4,2.5352287199560353,0.0725552999085437,1,2.6077840198645745,10.067654414781664,2.4532886964783067,0.5,0.9488244816289296,5133,10.06777834352921,1.2309443386260277e-05,random,1
4,133.59568243939057,0.08159492366451104,1,133.67727736305508,16.178058121481715,3.2581236615357567,0.5,0.9595814268076343,5134,16.181541701630717,0.00021528110319990468,random,1
4,98.70749861008319,0.13603335408774342,1,98.84353196417094,9.072108449826997,2.596163024022429,0.5,0.9521666064551519,5135,9.075512234321815,0.0003750515019907974,random,1
4,92.03010353170731,0.05226260876453637,1,92.08236614047185,5.322719767374536,2.3976207977612205,0.5,0.9415859834562827,5136,5.319925333434947,0.0005252769098140764,random,1
4,55.54234349931263,0.055042033953284886,1,55.597385533265914,25.033073652488525,3.928649105088196,0.5,0.9537321974853549,5137,25.04222241446675,0.00036533346868361516,random,1
4,7.382762736779216,0.02077464630974646,1,7.361988090469468,7.426249957603289,2.3259810896809108,0.5,0.9465474780701308,5138,7.425561470240556,9.271855946413332e-05,random,1
4,25.247262014977704,0.07519378466793114,1,25.172068230309776,6.918125820040011,2.5039062048719654,0.5,0.9354241136499906,5139,6.929200786253489,0.0015983035497324494,random,1
4,37.19844728247704,0.828538328896812,1,36.36990895358023,1.4760966383342151,1.2720908689853416,0.5,0.5925779659274825,5140,1.4928233225897782,0.011204731331866724,random,0
4,149.7370427734849,0.11179496242203868,1,149.62524781106285,4.834010180758643,2.0949583255768007,0.5,0.9365288849899934,5141,4.834228899947902,4.524386283444315e-05,random,1
4,7.700580481761183,34.98585956324689,0,42.686440045008084,30.351034383689715,1.2004904715811568,0.5,0.3198320679302035,5142,1.3144551100203885,22.09020228406198,random,0
4,26.720747323569356,26.70682200721781,0,0.013925316351547364,0.23855934246796626,1.2379992957072303,0.5,0.45699839675772563,5143,1.0234362924899947,0.7669035735604437,random,0
4,144.1223870102146,0.03610592444326244,1,144.08628108577133,5.278753179360808,2.1703822443859173,0.5,0.9359964087149043,5144,5.277975860101203,0.00014727601645181387,random,1
4,102.86338988790088,0.07612267151907304,1,102.93951255941995,31.132215305563783,4.895631508187494,0.5,0.9676269663437789,5145,31.140502595753485,0.0002661257686583651,random,1
4,48.05587185491479,0.03211360531680896,1,48.02375824959798,10.914003866826866,2.591341956208159,0.5,0.9515422508493545,5146,10.919524328486313,0.0005055588039715175,random,1
4,46.57211824131161,0.12192338898489652,1,46.4501948523267,4.025505811417902,1.777624840738151,0.5,0.9119035592724223,5147,4.014972095078273,0.002623608854602333,random,1
4,134.34365002638182,0.09296160899251049,1,134.2506884173893,6.751274007637867,2.2736216866131223,0.5,0.9497042106057945,5148,6.75753606428089,0.0009266775024884266,random,1
4,96.74569291576077,1.4412816988840973,1,98.18697461464487,1.5292471572232105,1.2803538941525432,0.5,0.564409316344667,5149,1.4898919984433125,0.02641477289697347,random,0
4,128.26053624097827,1.1777213013333068,1,127.08281493964496,1.9243324619884659,1.263848325359954,0.5,0.6764957048467437,5150,1.9186762146812715,0.00294799469754925,random,1
4,65.21827328937583,0.03557785758471255,1,65.25385114696054,3.8960852702994906,1.7879738097981215,0.5,0.8943572586326086,5151,3.87387252997075,0.005733988446157801,random,1
4,75.36956203855979,0.2308386259387305,1,75.13872341262106,4.780164896238954,2.2093128439478407,0.5,0.9438634811587286,5152,4.785151056115339,0.0010420067868103233,random,1
4,148.47240660938766,0.3073788379944631,1,148.77978544738212,4.02133720643246,1.798788171725206,0.5,0.9048508025292814,5153,4.0155834609313725,0.0014328541685331153,random,1
4,122.88967376810419,0.06872757083692704,1,122.95840133894112,4.410105068876076,2.1049246251055305,0.5,0.92945303557251,5154,4.419132391031124,0.002042781558970641,random,1
4,154.78659443786913,64.7245772551992,0,90.06201718266993,44.390001174559906,1.308443836898337,0.5,0.3156068285599456,5155,1.8449779290696535,23.059909051022608,random,0
4,15.871332898701622,0.0335083988311311,1,15.904841297532748,16.878660917170766,3.3499925672734467,0.5,0.9507264303254976,5156,16.878777798500987,6.924750809322866e-06,random,1
4,50.306858766122645,0.08272714452502328,1,50.22413162159763,23.950512606147964,3.9557351223290076,0.5,0.957239283689288,5157,23.94391053172144,0.00027573083426690737,random,1
4,44.53005963128904,1.518501841112851,1,43.011557790176184,1.6868492326546372,1.2777759914900393,0.5,0.6396461547284871,5158,1.7001478254198044,0.007822021453860017,random,1
4,129.55255425323116,0.12568450333725423,1,129.67823875656842,17.940722628192784,3.378425833325106,0.5,0.9545021360650932,5159,17.951952522534217,0.0006255528097758312,random,1
4,118.85481404049997,0.04916839246214977,1,118.90398243296212,16.185167796006283,3.195873272794932,0.5,0.9608958683146046,5160,16.193260625838146,0.0004997653047682515,random,1
4,124.59579325280147,0.03540105139028071,1,124.56039220141119,9.286933532466552,2.446230637711448,0.5,0.9483507119828849,5161,9.286514765342497,4.5094110614929406e-05,random,1
4,0.9375568134862222,0.02386810368241754,1,0.9136887098038,13.544187322003426,2.9502080051070547,0.5,0.9595298156023703,5162,13.555664830479877,0.0008466946195544445,random,1
4,33.38955572552751,0.026495849579490027,1,33.36305987594802,26.220943570866545,4.008275283569136,0.5,0.952743991943263,5163,26.216585184167055,0.00016624540033993718,random,1
4,51.816186633372006,0.03576666298003772,1,51.85195329635204,21.4815475562668,3.797601911217389,0.5,0.9586773575710621,5164,21.484510408921647,0.00013790645439215599,random,1
4,51.53257455942914,0.25089971689948243,1,51.78347427632862,5.70913484703674,2.298995579311853,0.5,0.942500428298864,5165,5.714249238306073,0.0008950241853380447,random,1
4,178.409916239221,1.6565110742433262,1,0.06642731346430987,1.445684161695903,1.2502527978796911,0.5,0.6440643160889289,5166,1.4502929187874394,0.0031778112075383502,random,1
4,31.77754214998505,0.3208574222452114,1,32.098399572230264,2.0469675631486726,1.2711410808536459,0.5,0.6224003471899487,5167,1.9936220861891627,0.02675806880805598,random,1
4,45.64645525378343,0.011313607692926553,1,45.65776886147635,7.735646110593417,2.3556947449081496,0.5,0.9430384123806772,5168,7.734657413337266,0.00012782689695423066,random,1
4,42.4074455434178,0.26409264235763885,1,42.14335290106017,2.5168603651768424,1.5255806985335048,0.5,0.7891358793783114,5169,2.5077982178693565,0.0036135871071736325,random,1
4,24.976114158684737,0.032137844399244386,1,24.943976314285493,4.501254023493514,1.93395731969221,0.5,0.9346380376451517,5170,4.50349156421396,0.0004968457670102566,random,1
4,162.2078142505519,0.1142616497614597,1,162.32207590031337,3.6052029626478577,1.6472876486685453,0.5,0.8667082986276045,5171,3.6053531902652716,4.166793362148091e-05,random,1
4,85.64560390836414,0.09844470033249308,1,85.74404860869663,7.284195466611225,2.5422935140873437,0.5,0.9491355172639355,5172,7.286923827543539,0.00037441875294508264,random,1
4,171.9500760497661,0.28564037240846574,1,172.23571642217456,4.027630147248327,1.81920211051987,0.5,0.9211382189027711,5173,4.0234056527984645,0.0010499797471139605,random,1
4,105.2730992980892,0.11241693826919175,1,105.16068235982002,11.636580565900353,2.740908026342624,0.5,0.940078234563657,5174,11.631990617418085,0.00039459698973587365,random,1
4,149.9807930422962,0.023749993835309624,1,150.0045430361315,10.556500727502504,2.6808662958682223,0.5,0.954867174547372,5175,10.555525914775698,9.23509387098509e-05,random,1
4,173.91124723601052,0.02304524849637346,1,173.88820198751415,14.900746704994992,3.073239054605484,0.5,0.9610737048982476,5176,14.898799988181192,0.00013066265842520686,random,1
4,147.6280277532875,0.15643350339837525,1,147.7844612566859,8.990725151357397,2.4341946887334847,0.5,0.955341295234037,5177,9.004234427971975,0.0015003248441212147,random,1
4,70.61880520622114,0.06452800018129778,1,70.68333320640244,2.334930591121488,1.398789229864779,0.5,0.7333054084972218,5178,2.3429951931169084,0.0034420053524274463,random,1
4,42.568336166494795,0.001517407215771982,1,42.56681875927902,18.509879848725724,3.465908012324788,0.5,0.9560469592084903,5179,18.49591702852206,0.0007549136483544494,random,1
4,27.672596838144237,0.054487334128097586,1,27.72708417227234,3.7484514738662194,1.5566101474070793,0.75,0.8604938847359138,5180,3.7385804668231097,0.0026403088366577787,random,1
4,16.84761895657379,73.17593114553065,0,90.02355010210445,1.5934101338766269,1.2000952741805906,0.75,0.27687446805034704,5181,2.000704659881646,0.2035755372455188,random,0
4,119.83797091153978,0.07733064153620717,1,119.91530155307599,31.481630104247277,3.67301349455571,0.75,0.9114063308773542,5182,31.501732365074915,0.0006381319158791365,random,1
4,53.60874114377735,0.053667495401242604,1,53.662408639178594,29.88613880281062,3.5447802962134647,0.75,0.9146151900332063,5183,29.857624319047357,0.0009550151565498322,random,1
4,146.3945410844828,0.07246133423578272,1,146.46700241871858,6.311921432186088,1.7422573709239146,0.75,0.9088375153493928,5184,6.31763648570199,0.0009046189233642421,random,1
4,142.61816008917455,2.8574706725856913,0,139.76068941658886,4.478966503306457,1.260936150260417,0.75,0.6497329769608857,5185,2.210537471840628,1.0261889067082843,random,1
4,87.55604562114551,0.25419250551219363,1,87.30185311563332,8.893574449332961,1.9717515676661563,0.75,0.9089863448552465,5186,8.903936537179032,0.0011637647913148585,random,1
4,74.18148508648639,0.07588371273305938,1,74.10560137375333,2.006672015996864,1.3139981686777062,0.75,0.5907354013857855,5187,1.997977682072209,0.004351567088395791,random,0
4,165.24734619040055,0.08477759198694912,1,165.1625685984136,14.806396441480215,2.4690520640132028,0.75,0.9270305821300207,5188,14.813343788174537,0.0004689924701448689,random,1
4,45.17795873971352,44.83255130799401,0,90.01051004770753,0.5061281206147027,1.2111471077462568,0.75,0.33078911514314857,5189,1.7402258785784508,0.7091595252978615,random,0
4,177.5275828614168,0.09732150610631152,1,177.6249043675231,22.57780336126833,3.0447994786928123,0.75,0.8953385600739628,5190,22.566802598517526,0.00048747547211358544,random,1
4,170.51198670371315,0.06553457903387994,1,170.57752128274703,22.698591901172982,2.9506345729951677,0.75,0.9333440888705716,5191,22.728276493637328,0.001306064385157235,random,1
4,35.57567792914639,0.24674136654695644,1,35.82241929569335,2.321401540733068,1.280762433831346,0.75,0.6886321450274834,5192,2.3336586482202124,0.005252313784834151,random,1
4,15.102146409201158,0.11906557544023144,1,14.983080833760928,8.514392533028543,1.9827669898157074,0.75,0.902338633907937,5193,8.523033970350479,0.001013892159998142,random,1
4,152.4565773976386,62.61299686944915,0,89.84358052818945,46.2817189647574,1.2711699747916838,0.75,0.31048709361221155,5194,1.058648592758372,42.71773531022946,random,0
4,64.03603212582581,23.193475521977675,0,40.84255660384814,0.2457956781601359,1.211260321404359,0.75,0.4376376728727505,5195,2.027932793206664,0.8787949585984691,random,0
4,154.15597452444567,0.07662532719064075,1,154.07934919725503,22.90186569289693,3.265909882231358,0.75,0.9139855877934602,5196,22.869551500949445,0.0014129788223500306,random,1
4,50.38851353909847,0.006763552972955722,1,50.381749986125506,15.656188313344245,2.5480555331574704,0.75,0.9312137200908212,5197,15.676884532791192,0.0013201742606228084,random,1
4,26.890780047750216,0.07722535540614217,1,26.968005403156358,5.896435501767034,1.7841476391815516,0.75,0.92708904059729,5198,5.9008779320711575,0.0007528422643653387,random,1
4,112.8845821319229,0.028267516700282158,1,112.85631461522262,10.832049792149096,2.2553111963284858,0.75,0.9265584182970547,5199,10.833832285523775,0.00016453027217899763,random,1
4,154.59008939889662,0.31543988221380914,1,154.90552928111043,4.068428847017492,1.5295176654305922,0.75,0.8641159770191944,5200,4.082893030412525,0.0035426309940753686,random,1
4,161.84056975928985,0.04470752168643344,1,161.88527728097628,11.785733570700852,2.2957398329829695,0.75,0.924292150786164,5201,11.792991510760992,0.0006154452034936586,random,1
4,111.55455294954537,0.17336216281388772,1,111.72791511235926,9.47477045152844,2.083305343851778,0.75,0.9278064173256793,5202,9.466115342774073,0.000914325300396257,random,1
4,115.83127736090526,24.173637958013302,0,140.00491531891856,0.507335326454851,1.273918352619458,0.75,0.38274204201504014,5203,2.164047551279026,0.7655618398241765,random,0
4,11.103337297953683,0.35409827767490754,1,10.74923902027877,4.214812764579095,1.471619907091967,0.75,0.8699651465451236,5204,4.1843879859354605,0.007271022368360303,random,1
4,116.16581873404056,75.81275468459307,0,11.978573418633635,0.25300273108444027,1.2200017434628458,0.75,0.31030142024725726,5205,1.5344167179082548,0.8351147194033846,random,0
4,147.39728574090046,0.10971278671610207,1,147.28757295418436,2.6168837317585725,1.3852301695872662,0.75,0.7420925304181933,5206,2.6051939570436735,0.0044871034201861,random,1
4,51.49699375704678,0.40384567943982574,1,51.09314807760695,2.4575255267612417,1.263900230573512,0.75,0.7459515557997166,5207,2.4792666936405565,0.008769192493523148,random,1
4,84.43128074431317,0.16754313124987164,1,84.2637376130633,4.622585745356516,1.8500794216089216,0.75,0.9166755286626702,5208,4.6371723449693105,0.0031455806529638863,random,1
4,155.89738717677494,0.04796126064596251,1,155.9453484374209,11.504475501965185,2.3225336878678435,0.75,0.9169192035175866,5209,11.512038518793059,0.0006569659070829736,random,1
4,23.354973254435603,0.11664615543367063,1,23.23832709900193,16.148392660814167,2.562720055797323,0.75,0.9238840752429988,5210,16.159828506497636,0.0007076712280004172,random,1
4,123.17964817496652,0.05834379344781837,1,123.23799196841433,11.024940438321739,2.2306129974141844,0.75,0.9151621317761115,5211,11.030082110448365,0.00046614994114646535,random,1
4,73.77827616124317,0.05370221185224011,1,73.83197837309541,21.128857186093317,3.1357849146153014,0.75,0.9267743137765825,5212,21.114967792744824,0.000657798462437853,random,1
4,65.94658348301654,82.257888966721,0,148.20447244973752,35.04681561165322,1.1740394243702703,0.75,0.29046709159895917,5213,1.1016366158323816,30.813408439744286,random,0
4,158.87902957421633,21.020462393470922,0,179.89949196768725,0.5269592700093336,1.1879904426159003,0.75,0.30787407453721416,5214,1.1535837256260573,0.5431980719705893,random,0
4,81.20637761582672,0.07078242705725302,1,81.13559518876947,16.411213813985107,2.613805766601054,0.75,0.9237382465825908,5215,16.410883733613495,2.011350375585863e-05,random,1
4,179.02795644946437,0.04568568828415209,1,179.07364213774852,12.974882421145224,2.4238293241223703,0.75,0.9338691882534705,5216,12.97894950060006,0.0003133596794291371,random,1
4,156.55847829448098,4.568868995270975,0,151.98960929921,0.28155357514196555,1.2381312793588644,0.75,0.6473942705602032,5217,2.2183906327269503,0.873082057330964,random,0
4,82.63843177509665,0.15746358386901704,1,82.79589535896567,3.037906978941354,1.3977987259442872,0.75,0.7193326379988115,5218,3.03370229337848,0.0013859914903486814,random,1
4,67.07810601978959,0.0038365200962573454,1,67.07426949969333,21.59382999539493,3.0975994907546425,0.75,0.9099837101117818,5219,21.575356956099885,0.0008562101351385909,random,1
4,112.18224127223299,0.07181143515526855,1,112.11042983707772,28.885791928713477,3.4874240945664425,0.75,0.9142747667989072,5220,28.893112830456182,0.00025337878219156007,random,1
4,75.34641331466574,14.503595264489448,0,89.85000857915519,0.6717705104436716,1.1940108294178575,0.75,0.29661032808978777,5221,1.0991721979685154,0.3888396088572522,random,0
4,62.158675453288836,0.010751109994316721,1,62.169426563283146,13.590473171165936,2.4383783652161215,0.75,0.9082910870637724,5222,13.588462340383309,0.0001479807451540971,random,1
4,71.45435359678754,0.0965655900802318,1,71.55091918686777,4.243741154439547,1.3841672736104298,0.75,0.871137755766322,5223,4.207999734689275,0.008493683936249496,random,1
4,140.0183295510723,0.03888978767955109,1,140.05721933875185,7.479223747078802,2.0871274881583024,0.75,0.8963820394691208,5224,7.474879108860187,0.0005812319042677316,random,1
4,147.85345421211548,0.06159804020373372,1,147.9150522523192,9.125826266166175,2.2477516088420373,0.75,0.921320043877151,5225,9.130707635191616,0.000534610155145776,random,1
4,44.93642518818676,0.05685574754325273,1,44.99328093573001,3.7843285111322698,1.3791070184083645,0.75,0.8459863710909991,5226,3.761689282778552,0.006018367454580176,random,1
4,98.22284006835235,0.12510281410997948,1,98.09773725424238,30.089436461108413,3.628782531631349,0.75,0.9148984211462641,5227,30.101144692948886,0.0003889630098756758,random,1
4,128.78241352118167,0.05367874830670871,1,128.83609226948838,26.911855892664757,3.3574246228829567,0.75,0.9230375951096161,5228,26.89764998992533,0.0005281466129847256,random,1
4,67.97752497743913,0.27516701384018916,1,67.70235796359894,3.540756757589968,1.4350062846504146,0.75,0.8725560212544419,5229,3.5330388281131184,0.002184501742646061,random,1
4,11.52311020151994,0.7483284968522526,1,12.271438698372195,1.4434580046591972,1.223198153797182,0.75,0.5537269154632857,5230,1.484866004102362,0.027886691006975384,random,0
4,165.4480058546074,0.1597222420062394,1,165.28828361260116,14.535503219126106,2.5743318103432173,0.75,0.9242366875773275,5231,14.53250374239698,0.00020639779505970957,random,1
4,41.65569418192355,4.35711929794698,0,46.01281347987053,1.65849731743718,1.2206494402835188,0.75,0.545545732541834,5232,1.7653289501511413,0.06051655851721849,random,0
4,48.03794931442398,1.8748601051274392,1,46.163089209296544,1.953486005684935,1.3234083513192916,0.75,0.5204341522037905,5233,1.9077766185405227,0.023959506946563014,random,0
4,104.09196074787147,0.027555011676341223,1,104.06440573619513,23.818158891177507,3.2638924292713405,0.75,0.9095436255356862,5234,23.82940003254731,0.0004717341332324265,random,1
4,126.527193085802,1.3559198959991363,1,125.17127318980286,3.423806798684345,1.376226584326922,0.75,0.7982504071107452,5235,3.4172310688147705,0.0019242859897838915,random,1
4,117.936569755224,0.24912943855552783,1,118.18569919377953,2.464721396678677,1.2538612978837884,0.75,0.7017382000816685,5236,2.4998403794899318,0.014048490095363797,random,1
4,138.11935763993418,0.021429802867459102,1,138.09792783706672,14.475369014452887,2.6393651452849993,0.75,0.9301943107824011,5237,14.484301298048154,0.0006166872264987688,random,1
4,111.47536735662058,0.018001098902360013,1,111.45736625771822,6.480853767622819,1.6972960720666017,0.75,0.9160325969600007,5238,6.482078049726428,0.00018887185470717327,random,1
4,164.97697142975585,15.115640746513122,0,0.09261217626897027,0.6098277255965899,1.2069529975747557,0.75,0.3322487729569799,5239,1.5323173398797167,0.6020225643048196,random,0
4,149.7505210402938,0.09077647713760939,1,149.8412975174314,22.141023206317527,2.6004456734148933,1,0.9137200003755301,5240,22.13449387638966,0.00029498437887642837,random,1
4,176.8035238723096,0.04308691222408356,1,176.84661078453368,11.750907957248248,2.0996892940888086,1,0.8904839468551017,5241,11.754181901632133,0.0002785344323649186,random,1
4,102.32748519408925,0.15270938264025347,1,102.174775811449,13.581926995285254,2.0872816143283615,1,0.8949836106108052,5242,13.560135971269256,0.0016069915568817095,random,1
4,82.87484978607608,0.12311362907526302,1,82.99796341515135,7.481327670704535,1.7654582891702681,1,0.9005669619606247,5243,7.4883435846166355,0.0009369113252913897,random,1
4,178.54705549444344,0.1384539392951183,1,178.68550943373856,13.518888681685151,2.004811700826015,1,0.9201531943134669,5244,13.542360358255102,0.0017332042531007508,random,1
4,41.810137551876714,0.0751495381234406,1,41.88528709000015,23.363112103289517,2.6344785839688076,1,0.9238739158048189,5245,23.36936027666351,0.0002673660425456248,random,1
4,152.61870972724245,12.862371451848162,0,139.75633827539428,30.13189990189314,1.1748836608178972,1,0.38571402875805094,5246,1.9078652991689373,14.793515357199766,random,0
4,142.24459590319464,0.06024242883253805,1,142.1843534743621,24.425441887068274,2.7826689609527766,1,0.8813545424069856,5247,24.439249295918085,0.0005649686159597822,random,1
4,65.00589631337185,0.054609911974353054,1,64.9512864013975,20.715701009239535,2.522443167230477,1,0.8969177756148331,5248,20.72033975736404,0.0002238741342480699,random,1
4,51.0573764718351,0.030708541841107717,1,51.0880850136762,13.237649803892513,2.0505025254471687,1,0.8923039720658521,5249,13.247185727540472,0.0007198452444231451,random,1
4,138.99620747748327,61.26688001756928,0,77.72932745991399,30.232826286549805,1.1826011805282515,1,0.38522882870499936,5250,1.8033995487139687,15.764352806957998,random,0
4,105.76156592561921,0.06337009891517198,1,105.82493602453438,30.900583631375387,2.944523080280632,1,0.9000740182498882,5251,30.921035275627762,0.0006614152492008252,random,1
4,85.27969196147403,0.055356984270403586,1,85.22433497720363,16.185624955390175,2.157525789840083,1,0.9237568776176388,5252,16.176551447678843,0.0005609049456973825,random,1
4,38.904825719368894,0.26858458343104985,1,39.17341030279995,4.535967764926086,1.4240290664464155,1,0.8614232115973047,5253,4.556969921372565,0.00460879856765728,random,1
4,145.14432934959373,0.14879410364301293,1,145.29312345323675,7.390529642170076,1.673397884547736,1,0.88498737905067,5254,7.389720594348299,0.0001094828703531725,random,1
4,57.946467799615306,57.90678247392131,0,0.03968532569399804,18.319426801460256,1.2219369927848247,1,0.3339754076604249,5255,1.5754540861195327,10.628029634670245,random,0
4,25.944364659880492,0.11806264533893795,1,26.06242730521943,5.74289762915611,1.5983723381232222,1,0.8633778466094983,5256,5.7274610759423075,0.002695182561543996,random,1
4,90.55253612417901,0.2995034031543611,1,90.25303272102465,7.351055691076179,1.7420879315989135,1,0.8692675858702235,5257,7.3465396547440776,0.0006147161172926907,random,1
4,93.25087666736918,4.694332125478425,0,97.94520879284761,4.524083846587073,1.2204585581232852,1,0.52551031219663,5258,1.2369296962941352,2.6575108998848638,random,0
4,86.56637004331336,59.39388561631523,0,145.9602556596286,11.905321697825116,1.210032236563171,1,0.3381058832178622,5259,1.0146574210470656,10.733341175920774,random,0
4,96.78373006093919,0.06880579284516841,1,96.85253585378436,9.5675475271171,1.9218470790561284,1,0.8926583226223523,5260,9.567480765535954,6.977968681765034e-06,random,1
4,68.88158828096499,21.080064160334118,0,89.96165244129911,32.92565367467205,1.2558805679425016,1,0.3316302708436119,5261,1.6294338380620144,19.20680613447463,random,0
4,20.57305242374577,0.007972294292315496,1,20.581024718038083,3.59300657278527,1.21080431222215,1,0.782672311560165,5262,3.5876573073625933,0.0014910190590664563,random,1
4,156.4545377582698,75.89137113677985,0,80.56316662148994,0.40289739946726527,1.18418401581731,1,0.44751335444591683,5263,1.8570435605139337,0.783043646345181,random,0
4,93.38341162760692,0.08858328579513852,1,93.29482834181178,29.60738085604664,2.8539787312036387,1,0.8968185615098966,5264,29.627772264130382,0.0006882531667232739,random,1
4,34.646945790681166,34.643191717512266,0,0.0037540731688971373,10.345652956088525,1.1911080463102752,1,0.37139488729684156,5265,1.002450261118654,9.320365366101662,random,0
4,10.728738322385446,0.44984971615157576,1,11.178588038537027,4.285598035478767,1.266488047917474,1,0.8683366562784878,5266,4.296280989380427,0.0024865584741934343,random,1
4,1.624746505598904,1.4317461225049755,1,0.19300038309393475,4.515827006869032,1.4739663597757713,1,0.8882000178902719,5267,4.5293327355385795,0.002981836278791561,random,1
4,110.72991922532844,0.074775559887442,1,110.80469478521589,23.338061385491077,2.666446145102673,1,0.8951601879068505,5268,23.350588208333033,0.0005364671215214445,random,1
4,37.612645355593344,0.18381035248296484,1,37.428835003110386,7.462097854467354,1.679523150922786,1,0.9107650937614565,5269,7.472770684894114,0.0014282293511741484,random,1
4,31.185618232353413,0.08930921429562488,1,31.096309018057784,7.689835366173588,1.837167729699594,1,0.8860082891230163,5270,7.699583656584567,0.0012660801993679138,random,1
4,175.43489213730612,0.013460157510337467,1,175.44835229481646,18.584098074855056,2.3529255351824836,1,0.880976214075381,5271,18.61014721968766,0.001399728036812542,random,1
4,162.9296181023616,0.01648967851792804,1,162.94610778087952,3.550807406042614,1.3031956211763864,1,0.761027331594977,5272,3.5219537205090266,0.008192522623328813,random,1
4,105.99324441918888,0.010291099349529986,1,106.00353551853841,21.698417817377983,2.5245527431929453,1,0.90946876472884,5273,21.70880472355655,0.0004784651348075375,random,1
4,54.65496875535683,0.1340524951380928,1,54.78902125049492,11.19830567582222,1.927744179564063,1,0.900722635616645,5274,11.206142901671846,0.0006993687228864509,random,1
4,64.20984822972476,0.15494815791684857,1,64.05490007180791,9.183525408852432,1.9409709046138028,1,0.9012617648272486,5275,9.175351609677918,0.0008908431548162454,random,1
4,151.64349903456056,0.03639981858822239,1,151.60709921597234,11.721996396466288,1.8297290753711297,1,0.8883228433012614,5276,11.731875732525117,0.0008420934796845581,random,1
4,49.94969638305013,0.19874887005209985,1,50.14844525310223,5.1072387160754324,1.5798626542545675,1,0.8536456010002368,5277,5.125810743454451,0.003623237046497474,random,1
4,24.657693723111237,0.06676880857824585,1,24.724462531689475,15.39612550941292,2.227905768862807,1,0.8869150780948101,5278,15.393809653968848,0.00015044069636616086,random,1
4,104.92074301058106,0.05964001677951103,1,104.98038302736057,2.888444089833239,1.2161992625341478,1,0.7013485050741619,5279,2.87341275359008,0.005231178926305757,random,1
4,68.44782896468952,0.08147544529784057,1,68.36635351939168,6.675373839514984,1.633952143530449,1,0.8863767914875205,5280,6.678078280763554,0.0004049729779838085,random,1
4,177.924668358711,87.99678354235472,0,89.92788481635627,8.690411965944353,1.2726293865917817,1,0.4532922111884768,5281,1.2859731747423657,5.757848559076986,random,0
4,73.49799798142834,2.302860084413311,0,71.19513789701503,5.860954935004013,1.2365226160662586,1,0.6164518191532334,5282,2.8590856467746657,1.0499403162741054,random,1
4,135.95350866501875,19.199978841820013,0,155.15348750683876,0.7126429711034141,1.19528023548255,1,0.31209121449402194,5283,1.3251998837890124,0.462237372775928,random,0
4,42.86612146029275,0.08316771824695479,1,42.9492891785397,29.31098421992452,2.9979462518654545,1,0.9000717441837631,5284,29.33320999164211,0.0007576999490994663,random,1
4,2.633759146224306,1.6839729549677571,0,0.9497861912565534,5.654467631413284,1.2571312265693058,1,0.66927219399501,5285,2.8674238039035544,0.9719678771291498,random,1
4,13.138759915906,0.12288349551732836,1,13.261643411423332,2.846792348919335,1.2734307707026145,1,0.6614575926038693,5286,2.854247005150904,0.0026117768427595944,random,1
4,159.95071031827055,0.061409591432550314,1,160.0121199097031,28.75162389683069,3.0699731049112717,1,0.8729368053675925,5287,28.74806531885365,0.00012378495518117205,random,1
4,92.7743177059777,87.24516511696876,0,0.019482822946459397,20.507256332437148,1.2228053324819363,1,0.35716547722807446,5288,1.057255784556194,18.396683973732536,random,0
4,43.89036464880953,37.21571946163476,0,81.10608411044429,0.6147726161183776,1.1864911346274436,1,0.3196756625116202,5289,1.2319540021432338,0.5009776216897255,random,0
4,14.688962702141586,0.0751509101188077,1,14.613811792022782,9.762787461880627,1.7475151128881892,1,0.88702767518148,5290,9.762024718329897,7.813374507215087e-05,random,1
4,36.931329827349586,0.8412433582259666,1,36.09008646912361,1.9235702320203547,1.2105782034033687,1,0.5109851675446934,5291,1.8874145091538483,0.019156217508741857,random,0
4,93.04607832572859,0.026576094619159107,1,93.01950223110943,11.891460189395739,2.0347034461877516,1,0.8917183558183808,5292,11.887920974567654,0.00029771520484156433,random,1
4,2.3082692601969312,2.4297603736597466,0,179.8785088865372,1.4204922927303685,1.2168222867764857,1,0.510416507247721,5293,1.298540349717582,0.09391463502794473,random,0
4,79.787741788214,0.09035992500346879,1,79.87810171321748,10.961507337305807,1.9125929691728134,1,0.8811411099719642,5294,10.98480640212227,0.0021210264399345036,random,1
4,58.951893287114686,5.236047294362237,0,64.18794058147692,2.313461569806658,1.2312152312284919,1,0.5311833879973227,5295,2.3104910965124312,0.001285645851962114,random,0
4,138.5620802210371,0.3962504426214366,1,138.16582977841566,3.317446244291483,1.3500067517014507,1,0.755005547315187,5296,3.3193949888256364,0.000587078229832172,random,1
4,67.06464162118415,0.7372486348628371,0,67.80189025604699,4.645561356026381,1.2239436213123183,1,0.5493318265647937,5297,2.1023377879424054,1.2097121512395361,random,0
4,12.557479983958068,0.44810787963729126,1,12.109372104320778,3.445385953288822,1.336179207083536,1,0.8054149323408493,5298,3.4370855177119655,0.002414963356041966,random,1
4,93.78437913017528,0.09634213295333893,1,93.88072126312862,4.957615444806216,1.5524809500607855,1,0.8783587192461852,5299,4.974760657118047,0.0034464396367086536,random,1
4,33.61520949765504,87.32642321162743,0,120.94163270928247,1.8755293138393303,1.191503796616245,1.5,0.34703997291967514,5300,1.3134848626343165,0.4279032573529482,random,0
4,136.4622538678002,0.15565907529415313,1,136.61791294309435,14.542417231933033,1.7462287478355656,1.5,0.7986262561288228,5301,14.537469540147132,0.00034034064678434284,random,1
4,103.7236652709139,0.019576939576637642,1,103.74324221049054,13.003591450035147,1.6218678144396652,1.5,0.8777607567033548,5302,12.987890651889902,0.0012088797608531543,random,1
4,122.21153896751375,0.05159436652054694,1,122.1599446009932,6.178072348798985,1.3694452113068394,1.5,0.8246321412515976,5303,6.166045386286495,0.0019505147560603397,random,1
4,19.632300378633044,0.40689383036081495,1,20.039194208993862,5.636350293643628,1.238941372330922,1.5,0.8069310905347268,5304,5.647034160198181,0.0018919429653632136,random,1
4,178.89127121783193,0.05917434436946678,1,178.9504455622014,15.290137099252027,1.6840879753381182,1.5,0.8700540795529026,5305,15.32956747884213,0.0025721782199350507,random,1
4,86.0767086111872,0.08921685727518991,1,85.98749175391201,24.104366940615694,2.0595638701604106,1.5,0.8515774148062979,5306,24.127195802261863,0.0009461879380125993,random,1
4,125.57513194010295,0.3859265546271615,1,125.18920538547579,6.573788564215784,1.3311381630447738,1.5,0.8340147934636858,5307,6.617412219533857,0.00659225296397592,random,1
4,50.01443134977298,5.932592414922283,0,55.94702376469526,4.533078881339228,1.229000696672021,1.5,0.530524574685541,5308,2.223945624180092,1.0383047283408513,random,0
4,32.58607415123378,35.15072367505729,0,177.4353504761765,16.637187817675407,1.1493008678800645,1.5,0.316275981957117,5309,2.22646875642224,6.472455101687597,random,0
4,78.77717774732093,0.26205542174547247,1,79.0392331690664,6.937399694541994,1.3623703475845794,1.5,0.8377113552961967,5310,6.9199821676662845,0.0025169901386585813,random,1
4,53.702565892188545,36.05558555071053,0,89.75815144289908,12.85416944678648,1.2086683986409108,1.5,0.37131556931908427,5311,3.952716896038982,2.2519833281426367,random,0
4,3.2171467548182098,86.54287598967147,0,89.76002274448969,17.13016494187741,1.2373585168944738,1.5,0.3034098890421043,5312,1.1039875024973482,14.516629403074749,random,0
4,120.65204180753042,0.18357168040617466,1,120.46847012712425,9.205088356100775,1.464066040871269,1.5,0.7901340486034832,5313,9.210198128335765,0.0005547950395626833,random,1
4,11.405954077394924,0.13618314430728162,1,11.542137221702204,8.859964661023394,1.4638843105382129,1.5,0.8233143422125148,5314,8.878402216944778,0.00207667499971953,random,1
4,94.78734037898643,1.1508088130878633,1,95.93814919207429,3.1138394407430026,1.1770639807176968,1.5,0.6257766768505763,5315,3.08004162711407,0.010973167807670325,random,1
4,60.93982147401735,0.11776053700609168,1,61.05758201102344,4.072055772868933,1.2491697303233846,1.5,0.7268470023549012,5316,4.016689507125093,0.013784054168395787,random,1
4,69.74374974576884,0.19633811778454913,1,69.94008786355339,28.906456863678205,2.1606741484031047,1.5,0.824173928779248,5317,28.923803501113984,0.0005997356964173584,random,1
4,86.1451807260374,0.005960237746876373,1,86.13922048829052,16.73059142761911,1.8735654778260322,1.5,0.8711598615521579,5318,16.702571712923614,0.0016775688904131503,random,1
4,40.31087109568452,0.13885299389268368,1,40.172018101791835,17.911111164682357,1.897721746190022,1.5,0.848820150614909,5319,17.94922516925304,0.0021234345333175364,random,1
4,70.80211174895683,31.858796252316992,0,38.94331549663984,22.193468071737684,1.1600942168695143,1.5,0.3080703482555041,5320,1.203442518609694,17.441651951417857,random,0
4,100.15499157549195,0.07349274503698666,1,100.08149883045496,16.411713717902504,1.7951753778073225,1.5,0.8452515959512296,5321,16.466209034399196,0.0033095241523319885,random,1
4,165.93227113357318,0.04274178956984542,1,165.97501292314303,5.225250857630211,1.2486665850143361,1.5,0.808732657834417,5322,5.2429274959598136,0.003371520652006743,random,1
4,148.83173658360664,0.6139569339575246,1,148.21777964964912,5.054568943202152,1.367800504502543,1.5,0.8033928312253762,5323,5.064704561924709,0.0020012260534908455,random,1
4,136.76318233404234,46.02627262456747,0,90.73690970947487,0.4892409472528912,1.1655201999177294,1.5,0.4176593310075211,5324,1.3983547696137353,0.6501310269152705,random,0
4,67.15242780018416,22.772907235248013,0,89.92533503543217,41.0607665562813,1.236931494524751,1.5,0.28434991117221564,5325,1.8188070417712945,21.575658447139705,random,0
4,65.84434973215598,0.07253934263043504,1,65.91688907478641,17.526951091141896,1.7641206120984738,1.5,0.8350355638489524,5326,17.52644223816032,2.9033444133075292e-05,random,1
4,46.63047597848941,46.69651688255638,0,179.93395909593303,0.5724353760746919,1.2058874170745968,1.5,0.2673637934710142,5327,1.175732208411399,0.5131243560571135,random,0
4,90.21152880627241,0.18189370609263733,1,90.02963510017977,12.134767211504897,1.685987706832007,1.5,0.8030017305012419,5328,12.152438812877293,0.0014541609009106615,random,1
4,171.11914924094896,6.862502799529381,0,177.98165204047834,0.321918396844701,1.1851082278807243,1.5,0.6612245029287256,5329,3.9752995631134302,0.9190203425593978,random,0
4,56.507893025458145,0.08818125154988365,1,56.419711773908254,9.910138381827874,1.5076812706660514,1.5,0.8460248903893375,5330,9.871004477573507,0.003964531101498192,random,1
4,142.8344336881519,0.040998574992016756,1,142.87543226314392,15.688916397063888,1.7639785525398144,1.5,0.8381390822206903,5331,15.704036460215272,0.0009628138083918047,random,1
4,112.00740741141017,61.26496773750614,0,173.27237514891632,1.649815419173008,1.2018842308683253,1.5,0.3070334126507384,5332,2.81480167877632,0.41387862895895644,random,0
4,98.79982806594398,0.09065411959906555,1,98.89048218554305,17.749567591888045,1.9402336852437536,1.5,0.812503261691285,5333,17.809854367925414,0.0033850235264103468,random,1
4,153.23135623201907,0.15125681541027802,1,153.0800994166088,6.181581837593659,1.3434702005842964,1.5,0.8252758285928606,5334,6.215974384500941,0.005532929317250357,random,1
4,155.7755504947017,0.16496679245292967,1,155.94051728715462,7.869822560595954,1.4751899503928563,1.5,0.8586660484715701,5335,7.874210571489694,0.0005572635953664529,random,1
4,129.47537061155597,0.15514905307003346,1,129.32022155848594,16.314229798912372,1.809853611089261,1.5,0.8606994313905454,5336,16.27609686365199,0.00234287959698376,random,1
4,59.08559953104072,0.013281358017522393,1,59.09888088905824,11.903653734123097,1.5353745551329774,1.5,0.8357635023414587,5337,11.897039098415037,0.0005559900789886552,random,1
4,71.96999968716169,0.015012098107732186,1,71.98501178526942,13.256130478633276,1.7799039216060217,1.5,0.834713545727155,5338,13.286157935184022,0.0022600556682551565,random,1
4,40.174126521873596,0.0715582179470573,1,40.10256830392654,7.000820611060264,1.3569699253795766,1.5,0.8350209115034659,5339,6.9695707634978445,0.004483754971839282,random,1
4,133.3193599938128,2.582682336017541,0,135.90204232983035,6.794708843977259,1.2405044756944814,1.5,0.6653746156961324,5340,3.4011677170419348,0.9977576553874727,random,1
4,117.56613848091227,0.25451884603030805,1,117.82065732694258,15.608023825017819,1.821250026927228,1.5,0.8397306897601197,5341,15.62290536914231,0.0009525465189007543,random,1
4,99.84282335760338,0.12051262507847582,1,99.96333598268185,23.285393952430535,1.9662427304390568,1.5,0.7635062707711998,5342,23.243633827186216,0.0017966263603532706,random,1
4,170.83937216893398,46.13339946354452,0,36.9727716324785,16.332104456060904,1.2584806907289874,1.5,0.3685720525931604,5343,1.4498845268966836,10.264417374684284,random,0
4,128.33636465638781,0.7057506322483817,1,127.63061402413943,4.033985884604924,1.2296803265118759,1.5,0.7767616345296432,5344,3.9650836377514787,0.017377249296188557,random,1
4,115.18250046014762,2.9489485595960048,0,112.23355190055162,1.617627306534124,1.1399759115014216,1.5,0.5259658010814796,5345,1.5102526008049686,0.0710971831281233,random,0
4,13.351737019071487,0.5158147924568794,1,13.867551811528372,4.92411876380062,1.2315551287712023,1.5,0.8248299634408321,5346,4.9498424756272295,0.005196874840617927,random,1
4,89.15429025622896,0.9628890390929428,0,90.1171792953219,5.454432143935902,1.2334755126082795,1.5,0.514949447474056,5347,2.7679047316040717,0.9705996675596991,random,0
4,63.41920769531083,0.9947297299830353,1,64.41393742529387,7.489043784240797,1.3849752859550295,1.5,0.8189297491388359,5348,7.506073948684103,0.002268851141053685,random,1
4,116.7333183967739,26.81741050827418,0,89.91590788849972,1.3142306194412183,1.1926070156988835,1.5,0.3522796945686001,5349,1.1462124393169826,0.14658554938066826,random,0
4,17.04641598007119,0.02151827316427557,1,17.06793425323546,13.29736141828064,1.7218543823160752,1.5,0.8612214719755008,5350,13.301416504197402,0.00030486120899086977,random,1
4,90.79349527806428,24.371335088102498,0,115.16483036616678,1.7712282551941878,1.2190125500853637,1.5,0.30512703398353236,5351,1.767266404888573,0.0022417957443516823,random,0
4,167.11085713703872,1.0161138424887497,1,166.09474329454997,3.9790271857921216,1.1870885766369472,1.5,0.7641816270224115,5352,3.9556382532815917,0.005912808758770094,random,1
4,120.06958829992634,0.18093235695650378,1,120.25052065688284,6.211744946704804,1.3890280249482818,1.5,0.8269367129627164,5353,6.200929921170282,0.0017440973647515623,random,1
4,1.18732016091742,88.8282415592164,0,90.01556172013382,16.80738473537743,1.2086396351089324,1.5,0.34132104911114464,5354,2.219290032356506,6.5733160111258035,random,0
4,59.846858723440995,0.161397661565573,1,60.00825638500657,9.418644678004004,1.5684209872300243,1.5,0.8291613254703973,5355,9.418650246333844,5.912025283771882e-07,random,1
4,94.07544408910874,85.89247663125946,0,179.9679207203682,13.099328976010264,1.2321235353629765,1.5,0.28916949995251506,5356,2.902965757504682,3.5123952778795866,random,0
4,141.86528553630205,38.3673170935065,0,0.23260262980854504,0.24065519524361484,1.2687872316144049,1.5,0.3244519620626209,5357,5.985289742280251,0.9597922229990605,random,0
4,61.13402383397398,2.954177328126235,0,58.17984650584775,4.403972850985786,1.1909134383034854,1.5,0.8193225320728368,5358,4.405302660934068,0.000301865740139573,random,1
4,92.83504463881395,0.07319637809247581,1,92.76184826072148,11.314583234637862,1.5298544004506023,1.5,0.8486943494940531,5359,11.303517288094822,0.0009789825822352771,random,1
4,86.42990288379562,3.6488777594536543,0,90.07878064324927,5.649247626977266,1.2598381586285639,2,0.4991394236288504,5360,2.9638414568572937,0.9060559443579144,random,0
4,22.056280941221797,0.06479953726315557,1,21.99148140395864,17.306768325946702,1.5546668567343471,2,0.7679885495933356,5361,17.217153099240623,0.005204996795319827,random,1
4,103.38809780283073,25.569700133894585,0,128.9577979367253,64.60111525371181,1.1655196008147524,2,0.28205533468704036,5362,1.1273934845125624,56.30130264292118,random,0
4,77.35848289888914,0.019728971315515764,1,77.33875392757362,16.819619908134385,1.5203975314382527,2,0.8082527302071485,5363,16.82685839398343,0.00043017452691185287,random,1
4,101.20892171244316,78.884200242296,0,0.09312195473915125,0.3348797663333719,1.1964842433454101,2,0.3338597659238018,5364,1.0225301569969787,0.672498885199763,random,0
4,18.088357965010207,71.08804565878518,0,89.17640362379537,34.544492971441876,1.25149527012867,2,0.3385018621590489,5365,1.2482864582906306,26.673530175714767,random,0
4,8.891214756703175,8.912249461434385,0,179.97896529526875,2.068618904659041,1.2460872563205496,2,0.43504139770711575,5366,1.4698880384445958,0.40733093307433754,random,0
4,127.36671443598816,12.464723758876389,0,139.83143819486455,47.60638416245952,1.2084586007153972,2,0.27531220615822266,5367,1.0295098194341021,45.241797080311144,random,0
4,132.88385217805023,47.132741753663936,0,0.016593931714163946,26.56081122629644,1.1843945626285743,2,0.3266438543086357,5368,1.8457923332539108,13.389923908434982,random,0
4,78.17085652300212,11.91717510515167,0,90.08803162815379,0.33329956017045376,1.1649547043635324,2,0.41585469449908125,5369,1.9812790165649714,0.8317755564038075,random,0
4,24.1950072791198,0.023590656748439187,1,24.17141662237136,7.141083185594922,1.3140397189324469,2,0.7939097954293831,5370,7.1070205866274065,0.004792809947899546,random,1
4,160.248237669001,70.10575497780147,0,90.14248269119955,1.5337801143303087,1.2024631685222655,2,0.32589647044803305,5371,6.664563629787921,0.7698603840355086,random,0
4,166.1274549116887,0.0586965355961695,1,166.06875837609252,28.582355590684603,1.75718356569967,2,0.8222374172390813,5372,28.585457353901965,0.0001085084341649889,random,1
4,40.50455123346612,18.36703290401948,0,22.13751832944663,65.21890373299695,1.1894869926452165,2,0.3175102833775455,5373,1.965550616232829,32.18098409391023,random,0
4,34.47593079852423,0.09742797333092312,1,34.573358771855155,18.885739504616325,1.5879267183251067,2,0.7617105803464306,5374,18.84471429700918,0.0021770140401469185,random,1
4,147.81038014135083,0.026455367262343543,1,147.7839247740885,9.259656353019809,1.3476061748602428,2,0.7762113596881624,5375,9.228316673765708,0.0033960342240089147,random,1
4,34.037051961206956,72.6302995553703,0,141.40675240583664,27.637906926577617,1.1994661023799846,2,0.3320793466499562,5376,2.215528201651107,11.474635577186813,random,0
4,165.53614993087683,0.503260190549554,1,165.03288974032728,6.2640422415902925,1.2654670697765102,2,0.7397309404074814,5377,6.2366744767759705,0.004388198376592101,random,1
4,4.9852153689391665,0.07209181348277127,1,5.057307182421937,26.1631117911362,1.696791823116715,2,0.7426315090639921,5378,26.1403192047112,0.0008719322150010367,random,1
4,18.579737035856397,18.473020744460484,0,0.10671629139591089,1.6153319581856393,1.2312022272312415,2,0.2744574679233185,5379,1.8363766058305886,0.12036999760458789,random,0
4,118.0838941374164,0.024332511097910015,1,118.1082266485143,24.254811123701433,1.745743475416468,2,0.7584174904888852,5380,24.327765797615246,0.0029988234234383793,random,1
4,174.2534858567215,5.675839016760023,0,179.92932487348153,0.2993469803574493,1.2518925974701227,2,0.4823692456046696,5381,1.7412320658349554,0.8280832370187793,random,0
4,150.41377538944164,0.04673979582071297,1,150.36703559362093,26.886610021462673,1.588857440276548,2,0.7484075066732533,5382,26.891130417583867,0.00016809989208332876,random,1
4,2.9948183650321103,0.03838624189106099,1,2.956432123141053,17.03865950609895,1.4848090907244162,2,0.8144337169634407,5383,17.09328409090853,0.0031956752440939207,random,1
4,130.68879230287632,83.28287762241365,0,33.97166992528999,3.7252738913235315,1.228421682728853,2,0.34967880647913724,5384,3.1574994868363557,0.1798177345251306,random,0
4,114.32475611598302,0.02081441692743624,1,114.30394169905558,29.131058370432807,1.6742863141176887,2,0.7901143425131524,5385,29.192436358273923,0.0021025305009775286,random,1
4,109.25049156932138,0.5226906134220002,1,109.77318218274338,10.163535494315282,1.3192400060977878,2,0.8001647726379552,5386,10.146249605811498,0.0017036727042356592,random,1
4,178.01911004841062,0.05646918844558968,1,177.96264085996503,27.75706857820351,1.7021267669417837,2,0.7256702432558805,5387,27.806036820155214,0.0017610651337486294,random,1
4,71.49971111805418,1.2960532655509525,1,70.20365785250323,5.110538459581621,1.173714050496076,2,0.7427463690439002,5388,5.003010884147486,0.021492572757506156,random,1
4,61.157671508554174,0.2627240245279552,1,60.89494748402622,7.550405510739889,1.3318772305807767,2,0.7544958079298189,5389,7.506470087355232,0.005853007188914017,random,1
4,22.69039182268974,2.2478018709516903,0,20.442589951738054,4.669464031796433,1.209155868956458,2,0.7278370327550052,5390,4.646738078042976,0.0048907326756468805,random,1
4,175.3521421534832,0.013886660234931014,1,175.33825549324825,24.36125515589661,1.6365282423276561,2,0.761518275971451,5391,24.42837309166314,0.0027475401458246784,random,1
4,175.06199718089422,0.0796349618518093,1,175.14163214274603,18.042153674495346,1.6097559558933832,2,0.7671693275194884,5392,18.01042971422242,0.0017614216193784227,random,1
4,89.81014327095514,0.11755836636359618,1,89.92770163731873,17.782990054291577,1.8504088257403999,2,0.757181933688528,5393,17.81369730524784,0.0017237999742599763,random,1
4,78.3433372617495,36.970661858138776,0,41.37267540361072,43.02845841065394,1.200795497879467,2,0.2939138742141215,5394,3.589506676644305,10.987290256520605,random,0
4,8.123403332976016,81.9705098611663,0,90.09391319414232,2.029120880431917,1.2340984067302254,2,0.3568556212981389,5395,2.7355973442821573,0.258253088791335,random,0
4,110.59758479491943,0.4863284779384287,1,110.111256316981,3.5998738130816106,1.2528032440018833,2,0.6187526572656615,5396,3.5317724265646655,0.01928249566838236,random,1
4,2.6675879052048646,44.860761002145495,0,137.80682690305937,38.33036725224991,1.1912649304555514,2,0.2861964703950074,5397,2.8169971790396646,12.60681776235112,random,0
4,116.1385829035352,0.05136320890366619,1,116.18994611243886,16.08702972920539,1.5655924206479628,2,0.7880412133969654,5398,16.074139408310728,0.0008019291463901013,random,1
4,161.56712026805613,84.35104668471166,0,77.21607358334447,65.23254103738931,1.1928649002423064,2,0.25103678963164344,5399,1.8885802097989899,33.54051922122614,random,0
4,29.65190735198931,0.12019663868213115,1,29.772103990671436,16.48415767539994,1.4356240230452253,2,0.8026987186126605,5400,16.48452499115327,2.2282459065547933e-05,random,1
4,32.98643244657914,57.00647254270669,0,89.99290498928582,81.74126229519692,1.2985950740647068,2,0.25708472750244266,5401,1.055796030882083,76.4214525384271,random,0
4,3.3026657931536585,0.009043396216839028,1,3.311709189370499,16.738485437767196,1.4664766563008018,2,0.7707115076580636,5402,16.759535779112525,0.001256021743249236,random,1
4,36.21556917319766,0.9401200903089801,1,35.27544908288868,4.690808020333638,1.2471379961125877,2,0.7947945682780858,5403,4.756479770185323,0.013806796838142787,random,1
4,47.12764340781795,12.21008903633431,0,34.91755437148364,34.56019330928019,1.2088477597262761,2,0.4189527180487309,5404,1.350350413208489,24.5935000065381,random,0
4,92.96873479296653,87.04976513123879,0,0.018499924205318936,1.9507222827076722,1.1753512805287838,2,0.3315260127165091,5405,1.5557259850188454,0.2538983738090883,random,0
4,39.026806887051926,0.08186201626708112,1,38.94494487078485,3.968834522313182,1.203794028795892,2,0.7005534584000329,5406,3.9387899688812054,0.007627863803184809,random,1
4,27.47247248650208,62.480545473158685,0,89.95301795966077,19.7083836171354,1.1822275836517782,2,0.32861216586226444,5407,5.591818325497474,2.5245035639426017,random,0
4,107.67634246162712,44.58629285729681,0,63.090049604330304,1.7405243231971534,1.1938241780734755,2,0.32927282206514175,5408,5.209357604698976,0.6658850370289121,random,0
4,16.646895254306568,0.31100563578664264,1,16.335889618519925,19.126773653092993,1.4190841153132763,2,0.7906891022783958,5409,19.161330173861373,0.0018034510367928025,random,1
4,158.32995463220846,1.521344816442678,1,159.85129944865113,7.524144877112001,1.2314632474826075,2,0.7977522245879134,5410,7.51973388984546,0.0005865882132476408,random,1
4,80.42104606121505,2.1987787519356914,0,78.22226730927936,6.414991978574815,1.1723947420748364,2,0.7479301445303882,5411,6.428237482431813,0.0020605187492214183,random,1
4,136.9362682701309,43.087802244763765,0,0.02407051489467862,37.66226935609821,1.252159640034446,2,0.3444917640719157,5412,1.9592423116582824,18.222874644954587,random,0
4,21.044349849751804,0.01649910311813585,1,21.06084895286994,13.075878347122359,1.3716119984266781,2,0.7955670191532062,5413,13.060536439462853,0.0011746766858020674,random,1
4,92.46778293278072,0.08377117883642882,1,92.38401175394429,17.953942529427806,1.4772565473435517,2,0.744705030098298,5414,18.001091005745266,0.00261920104189306,random,1
4,169.05922315818339,0.062231060828707996,1,168.99699209735468,29.292461524248107,1.7031509370119664,2,0.7988828579418236,5415,29.3853570248887,0.0031612854171523264,random,1
4,22.079925285816348,0.14954950217367013,1,21.930375783642678,7.599679521203253,1.3607482019295298,2,0.7677955058150309,5416,7.60211543474707,0.00032042575053292666,random,1
4,137.74120470128716,0.06222776446387002,1,137.80343246575103,26.29410001247804,1.6681140504558771,2,0.774074689766801,5417,26.47528306050999,0.006843479165750677,random,1
4,11.117304696326798,0.040475467554585975,1,11.076829228772205,21.32867350811616,1.626442369474793,2,0.7566624855593863,5418,21.38704892918444,0.0027294752661561894,random,1
4,153.69607084392592,0.13818819148906414,1,153.834259035415,14.60725820610534,1.4777219021006165,2,0.7746333539363325,5419,14.601607539600508,0.00038698934274927765,random,1
4,107.47474779902879,0.10579096656769593,1,107.3689568324611,9.944853888839452,4.07765048867238,0,0.9967339693433968,5420,9.94145548407359,0.0003418417726968048,surface,1
4,88.25561012488357,0.032821009581667226,1,88.22278911530191,21.107559024772073,6.063615922792861,0,0.994367621617812,5421,21.119025036569496,0.0005429233488557506,surface,1
4,104.97253194532851,0.02707248107898863,1,104.9996044264075,4.989548103048354,6.010239393884622,0,0.9980321966427269,5422,4.990293909892567,0.00014945148676204223,surface,1
4,27.3637662559721,0.0870025152576801,1,27.27676374071442,1.4754354122942923,3.4177182223808655,0,0.9866385357782701,5423,1.4753274922030895,7.31499221515719e-05,surface,1
4,166.1755411728198,0.08343851311840922,1,166.0921026597014,2.5321076113452414,4.713357638124937,0,0.9902654142976036,5424,2.5316692277755597,0.00017315989184996106,surface,1
4,124.46591711158874,0.006428967302483102,1,124.45948814428625,1.9599255910155005,3.9223539950349418,0,0.9856938922710184,5425,1.959489012869545,0.00022280203822933053,surface,1
4,80.41169814403223,0.0428466970145962,1,80.36885144701763,27.997126352795902,7.258515453682668,0,0.9971827027292,5426,28.00415546445659,0.0002510024510330444,surface,1
4,59.18304968644878,0.1416316118385339,1,59.04141807461025,9.642744351881266,5.352412282779034,0,0.9961499538409425,5427,9.641942100686384,8.320431573882736e-05,surface,1
4,0.45044712708514734,0.057883673116165824,1,0.39256345396898035,4.789348784046479,5.024979377307909,0,0.9969432658211406,5428,4.789445347171846,2.016165095686251e-05,surface,1
4,10.253907464138376,0.14926040776992977,1,10.10464705636844,6.156021325069692,5.584143488200775,0,0.9979875060326928,5429,6.157474802181539,0.00023605084203215387,surface,1
4,36.40460515262607,0.12707557693623528,1,36.27752957568983,2.036468652951606,4.192471657732862,0,0.9838923669730926,5430,2.0373876624578404,0.000451072480298631,surface,1
4,148.42906642237855,0.20152824677535364,1,148.2275381756032,9.001229246196264,4.366981182074739,0,0.9972773942506642,5431,9.001902909722215,7.48356800454042e-05,surface,1
4,35.22014034059404,0.059433172792736855,1,35.160707167801306,2.0895528462228516,4.421053402067237,0,0.9866018264757859,5432,2.09046960088123,0.0004385400572156639,surface,1
4,80.75607430463106,0.18338288106134826,1,80.9394571856924,10.24343456552415,4.710491688979718,0,0.9963525057394663,5433,10.245570667348554,0.00020849027289526756,surface,1
4,119.13103208949404,0.05920205113406496,1,119.07183003835998,1.8134522017005503,4.194860711411938,0,0.9807390408275067,5434,1.8139576365418917,0.00027863651893489383,surface,1
4,52.06217791113531,0.035068958809773676,1,52.02710895232553,1.7136771541822886,3.8795692766266345,0,0.9867717173705,5435,1.7140085135134908,0.00019332420381212856,surface,1
4,157.8210490739798,0.05640984739778787,1,157.87745892137758,4.065131269036737,5.660297199268821,0,0.997119018345315,5436,4.065197642947619,1.6327351512024357e-05,surface,1
4,34.346394621883235,0.08805122401497556,1,34.25834339786826,3.8128651822740176,5.241760382503525,0,0.99624445994607,5437,3.813616584107828,0.00019703130014214754,surface,1
4,86.178651890476,0.0796409641203013,1,86.0990109263557,4.915136092916971,5.803216393060507,0,0.9971801099146903,5438,4.915643982700967,0.00010332110823785268,surface,1
4,115.26607255070108,0.13318172058242794,1,115.13289083011865,6.000972157222564,5.601855525218722,0,0.996810481689716,5439,6.000553104177236,6.983573648167152e-05,surface,1
4,123.83440429778933,0.07629276370204252,1,123.91069706149138,1.3315541405979485,3.4421519946353554,0,0.9819601977478615,5440,1.3323684301029728,0.0006111594110357332,surface,1
4,40.942817007819116,0.04469555886174703,1,40.987512566680856,7.238110919249087,6.067439404899243,0,0.9953852239689437,5441,7.239340800494983,0.00016988856855737478,surface,1
4,142.0020879581469,0.012553301914465465,1,141.98953465623242,3.4944038593130933,5.49242263322753,0,0.9931176644868366,5442,3.4933721440220262,0.00029533506552770206,surface,1
4,3.8839928909049326,0.05342184516769066,1,3.937414736072627,12.01604856336028,5.054647016316213,0,0.9959178869941562,5443,12.01215267061701,0.0003243292730370495,surface,1
4,37.6848913141973,0.03845956911811754,1,37.72335088331541,2.3081900791645023,4.2538996184162015,0,0.9839809210030663,5444,2.307179070550351,0.0004382011899535243,surface,1
4,179.14093620953165,0.0463204450321939,1,179.09461576449945,2.869660793854386,4.912725427132356,0,0.9921457986787068,5445,2.8702459817678974,0.00020388075350641355,surface,1
4,149.36250688194926,0.07817952809205053,1,149.2843273538572,3.6842613079621076,5.0757533410126685,0,0.9951798169296634,5446,3.684672344130126,0.00011155297666376462,surface,1
4,29.927899561737256,0.008739996763551972,1,29.936639558500808,19.591800158322677,5.719619130866972,0,0.9935237949275674,5447,19.59764294378473,0.00029813715245319283,surface,1
4,14.214219158862011,0.16983687612129472,1,14.044382282740722,7.130832962252778,5.851810132538291,0,0.9950772288789208,5448,7.133911585652245,0.00043154773682074765,surface,1
4,78.64658627384989,0.19146955963149992,1,78.83805583348139,10.66796592806339,4.2481850540048045,0,0.9965522053400767,5449,10.667411020615857,5.201894315876032e-05,surface,1
4,12.949712856744753,0.06730031096108746,1,13.017013167705839,1.477649779618823,3.7042883416040144,0,0.9787778127030367,5450,1.4785038999707245,0.0005776923225689901,surface,1
4,168.8863873426748,0.08153598724152289,1,168.96792332991632,6.090478852346268,6.2244554353983395,0,0.9967060783735694,5451,6.091264991820629,0.00012906013371871694,surface,1
4,60.596263876512296,0.0507378109833212,1,60.64700168749561,2.405471414521961,4.065273234632833,0,0.9911135290772907,5452,2.4061995923274564,0.0003026256873358557,surface,1
4,90.56488858410911,0.008179673693533118,1,90.57306825780265,24.254722540453077,6.349345058087217,0,0.9966197156916523,5453,24.254595085332383,5.254885527605779e-06,surface,1
4,143.01262895595193,0.011740860220839977,1,143.00088809573109,29.36039344044843,7.899520401629066,0,0.9928408914178707,5454,29.37243584367717,0.00040998994066510086,surface,1
4,44.05660831232117,0.005493790990811931,1,44.05111452133036,1.0299676732835512,3.119554572336251,0,0.9787347448788994,5455,1.0298539284158519,0.0001104475737392363,surface,1
4,130.6336965302632,0.09914637953966121,1,130.73284290980286,4.3932801880440255,5.293344106240757,0,0.9955437973882385,5456,4.392732690654144,0.00012463708320931133,surface,1
4,158.82379983806982,0.04697378095534077,1,158.87077361902516,23.19673361493118,6.665657285858946,0,0.9968259644206702,5457,23.202166613794073,0.0002341591176947544,surface,1
4,28.862645518152164,0.05917645197664001,1,28.921821970128804,3.148478835639959,5.100757044282525,0,0.9945972944179136,5458,3.148333571393653,4.614004298209018e-05,surface,1
4,152.97663035775813,0.01349504454799444,1,152.99012540230612,17.89372256728206,5.368051343448883,0,0.9958710688846544,5459,17.903319589357135,0.0005360470736822665,surface,1
4,136.1103101995566,0.06656374460413872,1,136.04374645495247,11.66043892624193,4.968596900146517,0,0.9957775396897969,5460,11.65986442598935,4.9271606563427994e-05,surface,1
4,75.55880281487372,0.036342346847192175,1,75.59514516172091,1.5342098435217268,3.5335707900234787,0,0.9867535731260113,5461,1.533348361167007,0.0005618308119259563,surface,1
4,73.95278624834165,0.028211690234229536,1,73.98099793857588,10.757210231788825,5.089491109728628,0,0.9947183773022739,5462,10.758812090237429,0.0001488880403495152,surface,1
4,124.13123696020823,0.023348868439200032,1,124.10788809176903,15.135520489193247,4.798310687262994,0,0.9970127374977644,5463,15.139360734167056,0.000253659651899385,surface,1
4,34.133335149634796,0.03909487082702867,1,34.09424027880777,3.221419651429286,5.2372751306330905,0,0.9913070558124447,5464,3.2237019808956693,0.0007079840133823456,surface,1
4,28.145792945220897,0.06223287604503014,1,28.083560069175867,2.1643999056912064,4.462886669687358,0,0.9887212857119306,5465,2.1652020130453224,0.00037045381875844274,surface,1
4,104.81426753129854,0.11933085574911217,1,104.93359838704765,6.1994034720878535,5.724531425657396,0,0.9958470007638686,5466,6.200880823655672,0.0002382486633484282,surface,1
4,84.5000137315735,0.020445926557115968,1,84.52045965813062,4.3864749394899505,4.92372655501663,0,0.9964525624077563,5467,4.386714533728751,5.4618151456797825e-05,surface,1
4,79.51273978979329,0.01558310179720479,1,79.49715668799608,28.896405913193295,7.073193670965345,0,0.9962902234111515,5468,28.900534570833877,0.00014285748349962546,surface,1
4,23.855370898662486,0.06581342438377646,1,23.921184323046262,3.1261596131338,5.03997972806136,0,0.9911936942936013,5469,3.1260543431998364,3.3675017260259565e-05,surface,1
4,132.9264663130103,0.05633238941240393,1,132.9827987024227,10.665987248978242,5.288613154443846,0,0.9972116399167277,5470,10.666322950582172,3.147303953621172e-05,surface,1
4,30.245089391985335,0.027324375781077492,1,30.21776501620426,16.486212646097545,5.051204944541724,0,0.9974615708880515,5471,16.49046122675326,0.00025763867955519437,surface,1
4,85.84130810919822,0.04605939227869271,1,85.88736750147692,14.311353739551615,4.892413899537502,0,0.9955287158506527,5472,14.31189293072178,3.767434348311838e-05,surface,1
4,143.52720937674636,0.01115008389592731,1,143.51605929285043,1.2203086136971026,2.98420123373264,0,0.9834586499997651,5473,1.2204485014558375,0.0001146199602588549,surface,1
4,39.81839462867894,0.16162397189452804,1,39.98001860057347,9.16280922528643,5.361707180133662,0,0.9933208818246785,5474,9.16427368052552,0.00015980046975261342,surface,1
4,85.12411171050346,0.024303567266755977,1,85.0998081432367,2.2324027547657392,4.395909221099445,0,0.9879891235356245,5475,2.2332085394638397,0.00036081928035880395,surface,1
4,162.7369470485724,0.11533904598314848,1,162.85228609455555,5.174457311977991,5.751506634625973,0,0.9976877126341636,5476,5.176161166407694,0.00032917337287730053,surface,1
4,143.52489336157737,0.037315655099234846,1,143.5622090166766,9.434685338848787,4.019597271424576,0,0.9956731095018034,5477,9.435399696209316,7.571034439757263e-05,surface,1
4,134.931731653703,0.00823355328850539,1,134.9399652069915,4.495078349648228,5.683034922632949,0,0.9977215572019469,5478,4.496011167937156,0.00020747686206390448,surface,1
4,111.79040143592475,0.16175585045674268,1,111.95215728638149,10.523000514291613,4.873736930623256,0,0.9970573226514339,5479,10.524947831599292,0.0001850191885827135,surface,1
4,172.02119345988038,7.954960854311281,0,179.97615431419166,1.103757370792648,1.2273309632735176,0.25,0.441582603356091,5480,1.282847098557144,0.1396033307211152,surface,0
4,21.531972722572117,0.0865253895733673,1,21.445447332998754,11.311581548240538,2.3606020488367725,0.25,0.9281734786619479,5481,11.323170190634304,0.0010234450422154096,surface,1
4,67.38956154693109,0.1222705074032433,1,67.26729103952785,8.032956152586396,2.347990343131179,0.25,0.9397503169518596,5482,8.033508576945286,6.876501762576037e-05,surface,1
4,142.46813851967954,0.15802903566941495,1,142.62616755534896,9.654832676744975,2.4674324558039085,0.25,0.9545140122305293,5483,9.656378012361714,0.00016003263488229003,surface,1
4,62.48694054937665,0.3270345732555313,1,62.15990597612111,2.146419449754242,1.3055546747916007,0.25,0.6816632902172255,5484,2.1177044673973735,0.01355948518735417,surface,1
4,65.1036616430524,0.04783538854883318,1,65.05582625450357,8.774778928853083,2.655510086477675,0.25,0.9486563147802577,5485,8.781821496725497,0.0008019484198170668,surface,1
4,177.01997490035478,0.0021907377816035023,1,177.02216563813639,3.921421217091996,1.611545883820412,0.25,0.8867523616608495,5486,3.90525728782749,0.0041390177581610565,surface,1
4,101.32253196345853,0.06115255679497977,1,101.26137940666355,27.888693496867482,4.520899368813716,0.25,0.9621187631137401,5487,27.90297584956345,0.0005118576876161907,surface,1
4,120.89497394545442,0.027127905279172637,1,120.9221018507336,31.08577022977462,5.009346853797401,0.25,0.9658096588220321,5488,31.096896798355925,0.0003578031806019677,surface,1
4,59.362444617870786,0.18575508319976564,1,59.17668953467102,6.927026927257472,2.2946971849830775,0.25,0.9350245785058474,5489,6.925964390602673,0.000153413531296831,surface,1
4,112.71791521605884,0.8467375479195596,1,111.87117766813928,2.6049609775864124,1.440793429484751,0.25,0.8338363462559605,5490,2.5999742056685866,0.001918008227525192,surface,1
4,101.69907930579082,0.18463254595447154,1,101.88371185174529,2.890719633990713,1.492084607876384,0.25,0.777657571904735,5491,2.8922985734524564,0.0005459116414314735,surface,1
4,178.3845402527487,0.02276875034019099,1,178.36177150240852,16.914258957660113,3.1410929521660633,0.25,0.9557706319325927,5492,16.907973338095168,0.0003717547596779891,surface,1
4,5.65632843933715,0.18490886455818156,1,5.841237303895325,5.948212407488915,1.8924152181571383,0.25,0.9093554790401555,5493,5.9502469529626705,0.0003419262242119192,surface,1
4,11.973912514456696,1.057457434906496,1,10.916455079550207,2.861529451610633,1.4846174732650046,0.25,0.6857322453978146,5494,2.8514492680630017,0.0035351088516748508,surface,1
4,19.410735770256462,0.007125001691434818,1,19.417860771947904,12.676314593726241,2.4841517029485236,0.25,0.9348609667775054,5495,12.666171353763689,0.0008008134170345294,surface,1
4,8.816277061859036,49.100141662307806,0,57.91641872416683,0.5389543232337486,1.2642815976014647,0.25,0.40756942578895394,5496,1.1918404344211222,0.5477965777394361,surface,0
4,52.26885027892196,0.04349471380703562,1,52.225355565114924,21.605262369304935,3.991623186519993,0.25,0.9611956057745966,5497,21.603307819949734,9.047454081989592e-05,surface,1
4,74.70750461407202,0.04597866794810557,1,74.66152594612392,4.5667724588782415,1.8921192982752575,0.25,0.9298024952397114,5498,4.5794148950260825,0.0027607099242247246,surface,1
4,30.202993623362826,4.173735315397124,0,26.0292583079657,1.1272398038112001,1.1777833157139777,0.25,0.5513180107761925,5499,1.0749861530645892,0.04860867332815899,surface,0
4,86.24379179216962,0.0469955278041283,1,86.19679626436549,22.889567943861046,4.280930783188983,0.25,0.9635355379937101,5500,22.883441670563748,0.0002677164294380141,surface,1
4,64.35196748939923,0.049549588577463055,1,64.30241790082177,28.370924158956946,4.504762882240729,0.25,0.9498310237242387,5501,28.37662750298466,0.00020098738044593834,surface,1
4,25.48536908639226,1.6784388072714904,1,27.163807893663748,1.8996991518965545,1.273923422083665,0.25,0.5261989647287413,5502,1.9053959384443562,0.002989817723896726,surface,0
4,170.86654027666327,1.6999427332615937,0,169.16659754340168,1.2188386171187113,1.2270866246813108,0.25,0.5804335994237068,5503,1.2872064416538265,0.053113333124152895,surface,0
4,179.6817529655828,0.10000368893898326,1,179.78175665452179,2.747742955823393,1.495003122217796,0.25,0.6838552421027522,5504,2.7525241120568347,0.0017370079384586568,surface,1
4,33.81425648542933,0.01394960705360404,1,33.80030687837572,4.4514192842001306,1.6648443800481094,0.25,0.906775357433317,5505,4.452479904849414,0.0002382089693719891,surface,1
4,27.346380639222694,0.20675556814067875,1,27.13962507108202,3.1032720911788,1.4551892995489775,0.25,0.7117941352992347,5506,3.0906373180650415,0.004088080163889618,surface,1
4,169.6825418711025,0.12079386311717144,1,169.80333573421967,9.434109135474419,2.4789949294191245,0.25,0.9463598251670577,5507,9.427173822670763,0.0007356725285978527,surface,1
4,150.06490578663661,0.02994901840739317,1,150.03495676822922,11.863342696334236,2.949114002093265,0.25,0.9563980702007423,5508,11.865127036691863,0.00015038527207578145,surface,1
4,138.90734911066554,0.1316894165094027,1,139.03903852717494,4.687200164753049,2.0268335342048465,0.25,0.9324253761775217,5509,4.685656107371468,0.00032952853265344473,surface,1
4,86.16362143583477,86.09859657965342,0,0.06502485618135347,4.181854743914979,1.2731316064382854,0.25,0.3824855982527267,5510,2.045807087537895,1.0441100089001023,surface,0
4,35.318660044384785,54.75293346723373,0,90.07159351161853,2.6416696291841735,1.2064604960372773,0.25,0.3149294642525016,5511,1.014351467190273,1.6042941866112042,surface,0
4,123.41299101939973,0.021077475785062916,1,123.39191354361466,12.580630762054195,2.7790537821981993,0.25,0.955461620853115,5512,12.574470430228185,0.0004899078541868995,surface,1
4,135.28344183468874,0.15866043901939975,1,135.12478139566934,9.515059726539656,2.784955857959557,0.25,0.9507398452910737,5513,9.52072393557641,0.0005949346998276317,surface,1
4,4.203410182658416,0.060712414760388356,1,4.1426977678980315,6.706710381627104,2.01629203296118,0.25,0.9113149804527773,5514,6.721655012258014,0.0022233557961032213,surface,1
4,49.43505031299231,0.17284443095687152,1,49.26220588203543,9.85299586159698,2.5405897865978795,0.25,0.946253690230527,5515,9.84630834971684,0.0006791897676383662,surface,1
4,93.9090543601387,0.23692940287389774,1,94.1459837630126,3.7241212023518218,1.6562935971198702,0.25,0.8878571618781245,5516,3.7083035543311182,0.004265467427074343,surface,1
4,151.7929931003535,0.1861445971178739,1,151.60684850323563,2.8077763069182704,1.3639010937002127,0.25,0.7758607446852593,5517,2.8025891738959814,0.001850836030697245,surface,1
4,148.76801884296924,0.08016345847357798,1,148.68785538449566,3.781420297009597,1.606627434244248,0.25,0.8898464119095241,5518,3.7758453766212967,0.001476469461069163,surface,1
4,86.33781641014038,0.6717666616422378,1,87.00958307178261,2.6660568581584196,1.48155598185104,0.25,0.8039576896274632,5519,2.6517948319144087,0.005378254030955709,surface,1
4,57.64472100116225,0.08531628209202324,1,57.55940471907023,3.95388290722881,1.6691306297971111,0.25,0.8790427713168016,5520,3.952035801205262,0.0004673808934081425,surface,1
4,80.71073323585895,0.13327282110878969,1,80.84400605696774,7.379457548150073,2.5690601204162564,0.25,0.9383473789542626,5521,7.376434450513345,0.0004098318309488924,surface,1
4,136.4892485012308,0.14173747847621598,1,136.63098597970702,5.127888885311829,1.9978454965447492,0.25,0.9396337498193912,5522,5.12895607286344,0.0002080711038369154,surface,1
4,1.5335787280417201,0.020145440022076855,1,1.5134332880196473,11.610652061839241,2.5433113859485346,0.25,0.9251301912122968,5523,11.616143478170988,0.0004727400571511442,surface,1
4,132.81051236126035,0.43830887698237575,1,133.24882123824273,2.559359892598939,1.4611336867744833,0.25,0.773810878621722,5524,2.5587702553559057,0.0002304377432085225,surface,1
4,14.759004932490402,0.04951841729207729,1,14.808523349782476,11.424504608519758,2.5241567682770385,0.25,0.9229382621657763,5525,11.421096468206523,0.000298407453498184,surface,1
4,56.00880075055174,0.013924088285506286,1,55.99487666226624,25.838540429123984,4.589921144607592,0.25,0.9593375498945752,5526,25.84882212218649,0.00039776253687329177,surface,1
4,7.948435232852928,0.32398817445520933,1,8.272423407308139,1.3764659014193876,1.2504755535690315,0.25,0.6511026514506437,5527,1.3237600802892378,0.039815236850648805,surface,1
4,37.540020261380185,10.170957786860868,0,47.71097804824106,14.088203667654035,1.1953317844587,0.25,0.304260042194904,5528,1.2405262333955829,10.356635021809769,surface,0
4,64.3953819248492,0.10601627793377588,1,64.50139820278298,13.180687091257836,2.7861791136791503,0.25,0.9541958905217589,5529,13.17800199475813,0.00020375596397492757,surface,1
4,159.97557491163357,18.036634404087607,0,178.01220931572118,37.37433612423252,1.2300267706903492,0.25,0.3405159062724452,5530,1.104791342118993,32.82931663145408,surface,0
4,122.61660758248635,0.044994761507922476,1,122.57161282097843,9.35462762915536,2.6332320938069613,0.25,0.9569011549143693,5531,9.355801086656587,0.0001254256573390844,surface,1
4,53.72290660746081,0.1824591880536559,1,53.90536579551446,8.596800957952103,2.4211504759106504,0.25,0.9335356300851404,5532,8.608255998894787,0.001330704029266161,surface,1
4,146.30492670131767,0.28963684619185415,1,146.59456354750952,2.866685831534225,1.470056998179803,0.25,0.7717738147275645,5533,2.861639216754954,0.0017635398444790784,surface,1
4,163.87238251185363,0.2131779897004833,1,164.0855605015541,2.97361261754498,1.465366258931145,0.25,0.775607656157715,5534,2.9908816200480692,0.0057738836560209394,surface,1
4,68.16218326736114,0.987378741115748,1,67.1748045262454,1.1376409072165314,1.2201955136612863,0.25,0.6359143235096402,5535,1.0876207554982873,0.04599043505318878,surface,1
4,138.1862516906462,0.051758995088164284,1,138.13449269555804,13.809958859119021,3.147633827381532,0.25,0.9576153972047248,5536,13.811217107851231,9.11033924370086e-05,surface,1
4,53.358598820715116,5.628128555511466,0,47.73047026520364,1.1024932929778315,1.2416607040447227,0.25,0.42657112323469865,5537,1.0794187069399712,0.02137686320378318,surface,0
4,47.088866853240496,0.07168141582526744,1,47.01718543741523,4.282924597992254,1.6228268197138935,0.25,0.878860155583758,5538,4.253794461828773,0.0068480356596634095,surface,1
4,46.60383598481914,0.49319983230768116,1,47.09703581712682,3.016978892174136,1.4786541565135825,0.25,0.7471320758349235,5539,3.007564488657648,0.0031302416131031574,surface,1
4,108.55230989773386,0.2632481505091988,1,108.28906174722466,4.579854167862316,1.5583221540161702,0.5,0.881700444864179,5540,4.598907152284109,0.004142937395970381,surface,1
4,15.812787977539308,11.267203680707368,0,27.079991658246673,4.323951026067455,1.2103990171304722,0.5,0.4109202332468015,5541,1.3331690615855574,2.2433628642153733,surface,0
4,160.4249374349469,53.458386693226885,0,106.96655074172003,0.4622155175141334,1.163818002193704,0.5,0.4164537113519279,5542,1.8917756442896572,0.7556710707692345,surface,0
4,57.31228790382465,0.6220525617188883,0,57.934340465543535,1.4412904435750522,1.2607016430953746,0.5,0.5359477405711985,5543,1.532985526915139,0.05981470909552988,surface,0
4,150.6414908296486,1.384486662489138,1,152.02597749213774,1.6142032137947904,1.2363586555175194,0.5,0.580918283195244,5544,1.623935293103678,0.005992898454893147,surface,0
4,41.22558714554152,1.8951653417966838,0,43.12075248733821,4.556974700684874,1.2290823453874853,0.5,0.4999241329741555,5545,1.341377026912696,2.3972362797752513,surface,0
4,26.261115830490557,0.1128189478204149,1,26.14829688267015,12.045169094851065,1.8370071416192382,0.5,0.8852234740673055,5546,12.048724878353156,0.0002951169968599121,surface,1
4,142.3488989876151,0.15627982365973025,1,142.19261916395536,14.614829667261624,2.3000656888894992,0.5,0.9180202479487014,5547,14.608216097212836,0.00045272947804009256,surface,1
4,143.53623047717878,0.025906299191717608,1,143.51032417798706,14.431548543624583,2.2672813825553035,0.5,0.9025538726196236,5548,14.426913811350351,0.0003212559757987954,surface,1
4,12.000307223088507,0.04935808405298303,1,12.04966530714149,4.509759351986329,1.2815004378415944,0.5,0.8121597129017906,5549,4.521242029328688,0.0025397174643322362,surface,1
4,4.007439349664521,0.04712579884453305,1,3.9603135508199845,9.85340531442073,1.6766133569908492,0.5,0.8186863168659333,5550,9.86249050297453,0.0009211860382588588,surface,1
4,6.982119225947752,0.02414051254807248,1,7.006259738495823,24.923005429451628,2.857432202564736,0.5,0.8837254057846936,5551,24.930432627146676,0.00029791691969915934,surface,1
4,19.17892174189785,0.08231555985639716,1,19.096606182041448,22.9965996070629,2.5016521540622816,0.5,0.8649630000132024,5552,22.934459916809907,0.002709446417242578,surface,1
4,152.03667703754886,0.0328615721037977,1,152.06953860965265,12.768726253876052,2.182899724495964,0.5,0.8890335684339151,5553,12.774288612086487,0.00043543389219902195,surface,1
4,45.447135907702624,1.1489185557718997,1,46.59605446347452,3.663145115913698,1.279235697144638,0.5,0.6536608395741301,5554,3.6441040949190815,0.005225158365032678,surface,1
4,47.68444017177876,0.48141888899175456,1,47.203021282787006,5.104097380629746,1.4165976359614512,0.5,0.8189796527147625,5555,5.103447516302167,0.00012733829935607233,surface,1
4,179.4105010683787,0.16200726483808126,1,179.57250833321677,7.9604613852747095,1.6517562435672442,0.5,0.8727611933918874,5556,7.970375670045279,0.0012438917788818449,surface,1
4,78.46434185064352,0.06996646406130935,1,78.53430831470483,27.599639737885678,2.9223168850409604,0.5,0.9070740169120951,5557,27.599500677659,5.038505163534879e-06,surface,1
4,104.95310925646372,0.014728913954741074,1,104.96783817041846,9.752445103255644,1.9226883491594837,0.5,0.8933072682513439,5558,9.752779834617066,3.4321636199874384e-05,surface,1
4,57.80796963073443,0.12038105692613499,1,57.687588573808306,9.295425279403062,1.7259941834954293,0.5,0.8827613338313403,5559,9.311569841127115,0.0017338173905699916,surface,1
4,105.03829557085929,14.984385418372014,0,90.05391015248728,48.60990642411617,1.3009668090386675,0.5,0.28444664990935464,5560,1.9824819261841622,23.519722365227032,surface,0
4,148.59024169838818,0.15141250845289278,1,148.74165420684108,11.152548878061532,2.00784475104207,0.5,0.8956066527346513,5561,11.171026924670748,0.0016541045629751006,surface,1
4,127.67813322031927,0.5039638951489707,1,127.1741693251703,4.4113004261583475,1.3520786263240996,0.5,0.8507378470639876,5562,4.364934113807829,0.010622454117656721,surface,1
4,163.3632447266728,1.464093343464782,1,164.82733807013759,3.6877409773837413,1.231975581950806,0.5,0.774358916016353,5563,3.677952006420388,0.0026615276507864216,surface,1
4,118.94542936586936,0.04641299671985166,1,118.8990163691495,20.839613096449675,2.9072692497955095,0.5,0.9003217414143546,5564,20.867789598858312,0.0013502389544016724,surface,1
4,172.1585399479472,1.9267917046889806,0,170.2317482432582,5.790548312484346,1.2250058739687957,0.5,0.6176572182094494,5565,2.8588765721475995,1.0254628579975607,surface,1
4,34.004794820450684,0.011393393188768641,1,33.99340142726192,9.661880668408944,1.766147237314307,0.5,0.866044341959032,5566,9.641704928505007,0.0020925489893690585,surface,1
4,137.76455918188682,1.869055909543988,1,135.89550327234284,2.9396836318399546,1.1829177644189666,0.5,0.6134583502009643,5567,2.9380557823499642,0.0005540566995934082,surface,1
4,50.146742559450445,0.09055853041756734,1,50.23730108986801,3.5427034848765184,1.2820638798092463,0.5,0.6900389487338274,5568,3.4839496405011716,0.01686414857790397,surface,1
4,113.02643010404921,0.17415193761542014,1,112.85227816643379,7.134743716362934,1.701801097487725,0.5,0.902786418557904,5569,7.140970511467997,0.0008719816298168315,surface,1
4,92.69013677079397,0.040432400181344974,1,92.73056917097531,17.119315237313597,2.3180712118938533,0.5,0.891900942600948,5570,17.10591510625321,0.0007833624203763545,surface,1
4,98.21863423774346,8.164127110754634,0,90.05450712698882,0.32676385088992066,1.170825584944451,0.5,0.5096434714432307,5571,2.3916131838307244,0.8633709443069165,surface,0
4,98.37020202971028,0.6088733694633675,1,98.97907539917365,2.7968278851469175,1.347511522129333,0.5,0.6211257193451962,5572,2.7872799146230456,0.003425551367761681,surface,1
4,102.68736679921744,11.652396199218984,0,114.33976299843643,0.9486579248989935,1.153574407112344,0.5,0.4056387399131961,5573,1.1198708425750765,0.15288630721234697,surface,0
4,89.12836634545337,0.14134970209391895,1,89.26971604754729,7.210790348010085,1.7955048425336908,0.5,0.8718191752408979,5574,7.209785643220033,0.00013935293499289791,surface,1
4,103.83694479114132,38.82341012604137,0,65.01353466509995,2.6410966316075837,1.169864325296549,0.5,0.2773377921582147,5575,1.1551522865763832,1.286362293784841,surface,0
4,58.092525326100336,1.087831876160223,0,57.00469344994011,2.225711183878537,1.1936645070418883,0.5,0.5002314554605755,5576,2.0454601704379898,0.0881224753459513,surface,0
4,9.184740289639144,2.9576664611035426,0,6.227073828535608,5.064976256900799,1.2114703521077026,0.5,0.5523769810930352,5577,2.5272416669860847,1.0041519270063093,surface,0
4,85.00309311635608,0.1595709685570057,1,84.84352214779908,10.792089077969331,1.9102373654190032,0.5,0.8913048070874389,5578,10.803995704631799,0.0011020577005008692,surface,1
4,92.06915231504112,2.194490093486337,0,89.87466222155479,1.1933379770649977,1.2465313082601583,0.5,0.5405728232168134,5579,1.2247794161096317,0.025671103409382945,surface,0
4,106.57919830677919,0.5324133756320748,1,107.11161168241127,3.737667456898382,1.3117409773061321,0.5,0.7841734817621988,5580,3.7413030566896768,0.0009717469384882271,surface,1
4,11.419711392951214,0.18020529197693236,1,11.599916684928141,19.45702024035007,2.30032407991924,0.5,0.8878010203157409,5581,19.43623338105049,0.0010694901060328554,surface,1
4,159.1244187141741,0.0691584326726229,1,159.0552602815015,15.31304262494476,2.3297543708004955,0.5,0.9142555631059769,5582,15.34663474162997,0.002188891392201242,surface,1
4,118.72819960240703,0.04712860650818129,1,118.77532820891521,24.821311140042077,2.8244593725799376,0.5,0.8982576667676762,5583,24.823717098393615,9.692176002495945e-05,surface,1
4,138.09352189117917,0.018695735242545197,1,138.1122176264217,6.949044831829697,1.7725675420450544,0.5,0.887879698627291,5584,6.944487563781701,0.0006562425241805059,surface,1
4,29.495872469302068,60.59505312564937,0,90.09092559495144,0.09327931986415461,1.2389336743116308,0.5,0.3502487295637742,5585,1.0692146272658432,0.9127590312688809,surface,0
4,99.57733805520346,0.14373395746282824,1,99.72107201266628,10.885411806987431,1.9819098157980775,0.5,0.9080536223372325,5586,10.885001983708856,3.7650271372369204e-05,surface,1
4,74.89343776680636,14.925534141155381,0,89.81897190796174,0.2632659271040667,1.1955824752381472,0.5,0.3094478452886669,5587,1.427793040264241,0.8156133839570024,surface,0
4,151.4065846200735,0.11325278366595626,1,151.29333183640753,10.266664898316376,1.8680228883479502,0.5,0.8790065180966955,5588,10.255038518884097,0.0011337236238431192,surface,1
4,29.878630760901142,0.008335889024920107,1,29.870294871876226,14.118471557814392,1.9127953050588251,0.5,0.8663969510129355,5589,14.108249010257897,0.0007245794675909689,surface,1
4,101.12933851025278,2.063305069518009,0,99.06603344073477,2.7134608283388384,1.25590239593751,0.5,0.5280001279508112,5590,2.75760327584863,0.016007541003593917,surface,0
4,110.91758334005088,0.07346878918090738,1,110.99105212923179,7.348917080048235,1.707979988373301,0.5,0.9034354633912841,5591,7.35402055201268,0.0006939703157409216,surface,1
4,157.2613681644163,0.5515160811957003,1,156.7098520832206,3.2097290093921944,1.2875747132631024,0.5,0.6302489078180921,5592,3.208767116286321,0.00029977030772698754,surface,1
4,123.36255781380027,67.23161394631596,0,56.130943867484305,42.154321016524456,1.1918747704895145,0.5,0.3217399231260452,5593,1.3634865904729958,29.916564424664454,surface,0
4,130.50485861058988,0.06647025040305721,1,130.43838836018682,5.541479263892435,1.6206756120200199,0.5,0.8612564478378921,5594,5.545880426889241,0.0007935913972229036,surface,1
4,59.57545916949886,0.5477128990967515,1,60.12317206859562,3.946528821648949,1.3096449371119605,0.5,0.769169675745527,5595,3.871344104527606,0.019420830360549424,surface,1
4,1.2265974112777855,0.9058883269164397,0,2.132485738194221,4.531833245615217,1.1917083271735702,0.5,0.45045363521264625,5596,1.7436384250544488,1.599067088965822,surface,0
4,2.831601342814245,82.9036427250822,0,99.92795861773205,59.829744385210496,1.208508137179725,0.5,0.34932187580079105,5597,1.3712426621719056,42.631769952698534,surface,0
4,55.370775215607196,0.13106974997957366,1,55.23970546562762,6.6238443680221835,1.4783868181900939,0.5,0.8408976724579567,5598,6.637605796626058,0.00207325186603724,surface,1
4,42.20656689689625,0.19302146569408762,1,42.399588362590336,5.56925088838781,1.5182481292271546,0.5,0.8017382413282105,5599,5.566738244412156,0.0004513673654722439,surface,1
4,148.8596716913333,0.030166598355151564,1,148.88983828968844,25.600474926677467,2.405865332589831,0.75,0.862658241033994,5600,25.554384761818337,0.001803610820167112,surface,1
4,42.36012762048985,42.49605399000154,0,179.8640736304883,0.2641192097956593,1.3046195424387002,0.75,0.43555162597711816,5601,1.3999541038072771,0.8113372366441387,surface,0
4,59.63255835617157,0.49517769871565065,1,59.137380657455914,4.769823056026914,1.3161682874689373,0.75,0.7489650869217958,5602,4.763631720353654,0.001299709137212668,surface,1
4,125.40417108210251,0.5036240214518699,1,125.90779510355438,5.833842857474117,1.320988143758297,0.75,0.7854855545181415,5603,5.799989190566767,0.005836850000067395,surface,1
4,106.92800393778778,0.0014564330109863022,1,106.92654750477679,29.30886808507501,2.427608639833327,0.75,0.840293584789367,5604,29.295873339179305,0.00044356915887955317,surface,1
4,67.90429516886378,19.898450553201073,0,48.00584461566271,0.33756177969472506,1.2596385955713456,0.75,0.391129556205825,5605,1.1945759186713774,0.7174212417824681,surface,0
4,119.57158339481431,60.47797683042194,0,0.049560225236256084,14.07442027271814,1.283173175191604,0.75,0.3421351419846092,5606,3.3311984393299237,3.225032080511311,surface,0
4,7.505534745602644,7.4519569814604125,0,0.05357776414222539,2.35309949663456,1.232628090707724,0.75,0.45839062840107164,5607,1.6534184134063266,0.4231724272301831,surface,0
4,66.05130306269427,0.09601102263789585,1,65.95529204005638,7.78679394524065,1.5187661412877154,0.75,0.8003647008828769,5608,7.792995744828999,0.0007958171403422698,surface,1
4,141.61087974166514,0.3537188107347333,1,141.96459855239988,9.508582498984264,1.7018506536935594,0.75,0.851047686443691,5609,9.532028212804786,0.002459677342228739,surface,1
4,157.09256230830937,0.05760879917485795,1,157.0349535091345,4.140911523631268,1.2252745295960132,0.75,0.7479229599264555,5610,4.08015262129429,0.014891330785000045,surface,1
4,103.59540740038598,0.07730936790015619,1,103.67271676828614,26.938064610246805,2.2706126363636736,0.75,0.8609046059351079,5611,26.97059370346959,0.0012060948149835715,surface,1
4,97.62483615554014,0.15462581164501898,1,97.77946196718516,9.15268124912926,1.5178520896075833,0.75,0.8390109047352798,5612,9.131612390017,0.0023072441330616034,surface,1
4,158.1231036147669,68.1608235569095,0,89.9622800578574,0.43136527443471306,1.28141034525234,0.75,0.32035586443068464,5613,1.2817056160813103,0.6634443439878416,surface,0
4,45.419988055951265,0.30710328903143136,1,45.11288476691983,6.911461991293945,1.3387930171023492,0.75,0.7491776537309911,5614,6.942435053852893,0.004461411928046721,surface,1
4,168.1168124999414,2.0222400299074934,0,170.1390525298489,6.061431787536187,1.28020135708415,0.75,0.7038819595499451,5615,6.102086877171824,0.006662489481709777,surface,1
4,102.50554204162441,1.0937624967700827,1,101.41177954485433,5.953179337174364,1.2665477888131025,0.75,0.8320884502252095,5616,5.8923126008292135,0.010329855265415633,surface,1
4,18.952333431425668,0.011647427995541193,1,18.963980859421206,13.75652465988747,1.7769252230930115,0.75,0.7816295115263264,5617,13.769840470175376,0.0009670272009866254,surface,1
4,129.13629070211047,0.06534916191350248,1,129.07094154019697,31.34713630302526,2.5676232237344796,0.75,0.8497615929538749,5618,31.353256508773335,0.00019520159720454178,surface,1
4,109.53946184962875,0.07317418740707637,1,109.61263603703583,24.533578135414963,2.164613690720522,0.75,0.8305265158663581,5619,24.556522352428956,0.0009343430916114448,surface,1
4,114.4339996778021,0.023727724006334938,1,114.45772740180844,15.721991476746416,1.720107786244475,0.75,0.8299831739371253,5620,15.746309759943,0.0015443798304061174,surface,1
4,102.33760471030058,0.0062997537626188205,1,102.3439044640632,27.53564530977802,2.1858535084843074,0.75,0.8496764670861624,5621,27.56027615822423,0.0008937083324130901,surface,1
4,135.3279106479483,44.75034009195414,0,0.07825073990243121,0.26610342816571414,1.267458119505751,0.75,0.35530950665023864,5622,3.1744604035835393,0.9161736502161693,surface,0
4,88.22514236979248,0.023215553628759267,1,88.24835792342124,18.64960636684934,1.9770816163468015,0.75,0.8491028360220961,5623,18.66003783614394,0.0005590272316807754,surface,1
4,133.61427861376373,0.12391184482737572,1,133.7381904585911,15.668941159561683,2.006331062246395,0.75,0.8657976349781701,5624,15.726310750632509,0.003648000601063961,surface,1
4,109.13427270785463,0.12900122073240539,1,109.00527148712223,16.801554506031586,1.9875018604486603,0.75,0.8819916650144475,5625,16.81689426080044,0.0009121633597120038,surface,1
4,161.45415455889452,0.26258876277833565,1,161.19156579611618,4.257476738471723,1.2274854330055742,0.75,0.7423332466810969,5626,4.265397061181093,0.00185687817470781,surface,1
4,170.11542694105506,0.03956158120993791,1,170.154988522265,14.991182951351593,1.6459754443772903,0.75,0.8389132457920407,5627,14.998863767801051,0.0005120932204175643,surface,1
4,49.85080339322428,0.12781418127171662,1,49.722989211952566,6.395658975915886,1.2944154207881775,0.75,0.7951439402325844,5628,6.366490645122315,0.004581539881145957,surface,1
4,116.53394010231939,0.03011820535056131,1,116.50382189696883,6.967665538361197,1.4579749002564835,0.75,0.7978463453252607,5629,6.934718343961542,0.004751050117030919,surface,1
4,75.85658362709434,1.1105846829214556,0,76.9671683100158,4.2790956979207975,1.2174020776798586,0.75,0.45185682059578897,5630,1.928957840864223,1.2183458898218595,surface,0
4,156.95883075247093,23.337675330801147,0,0.2965060832720712,6.276391900952546,1.2136658372929727,0.75,0.41136471301289396,5631,1.4787911542953154,3.244272007390671,surface,0
4,90.47560059318354,0.20083476445752524,1,90.27476582872602,22.18451017665828,2.205741002143311,0.75,0.8576719189295402,5632,22.210756958533455,0.0011817148746519068,surface,1
4,158.76925350210172,0.007601165995396286,1,158.77685466809712,14.989863216072617,1.8270372715525098,0.75,0.8488082402928696,5633,15.006761900186437,0.0011260713154653823,surface,1
4,42.778763595456034,80.68155901978068,0,142.09720457567536,22.823655072181943,1.1922582248397025,0.75,0.30938110856402934,5634,1.323569409701556,16.244018262199273,surface,0
4,43.433996367708026,43.3955577203543,0,0.038438647353728816,4.22280676507384,1.1849774721106956,0.75,0.35792882577665475,5635,4.408817324158775,0.04219057978784069,surface,0
4,175.5967095926751,0.1520315446107361,1,175.74874113728583,7.861372383347069,1.2911581241187156,0.75,0.785402690699262,5636,7.803304453443812,0.0074414538417284515,surface,1
4,44.55054459603859,45.50494526175805,0,90.05548985779666,0.45804126652861504,1.2239559741993007,0.75,0.31628690632008555,5637,1.5139615151997854,0.6974551453719278,surface,0
4,26.891898638122065,26.96258894004555,0,179.9293096980765,5.597849085849594,1.297120466316817,0.75,0.30999690787093104,5638,4.367782960923664,0.281622538466473,surface,0
4,168.31671673532594,1.5302763501876768,1,169.84699308551362,6.8937315784389215,1.3167496901113624,0.75,0.8126333661976749,5639,6.848366765945101,0.006624179756172799,surface,1
4,118.54136765879426,0.17844180364132,1,118.36292585515294,15.477471678471323,1.791715032045449,0.75,0.8112188182928217,5640,15.498987818345391,0.0013882287105613234,surface,1
4,53.468341223385266,0.042698734712359965,1,53.425642488672906,27.91454819019342,2.251986985377551,0.75,0.8569874878434861,5641,27.932446657160543,0.0006407769139169517,surface,1
4,54.34709188392083,0.43757725725674845,1,53.90951462666409,8.409136361927837,1.5975790574966655,0.75,0.7862811050438273,5642,8.407218411153684,0.00022813143186684037,surface,1
4,141.60780260608993,0.5813948040342041,1,141.02640780205573,4.324451940004984,1.1879589470292424,0.75,0.744270039139653,5643,4.305483759323609,0.004405586396720063,surface,1
4,82.84014932225234,82.84968937850573,0,179.99045994374663,1.2705949134178567,1.2143779596415027,0.75,0.3266082298586569,5644,2.984896897415481,0.574325359606886,surface,0
4,124.5563742810809,0.05988544516738159,1,124.61625972624829,18.053544522838603,1.8999658781587156,0.75,0.843309811312381,5645,18.057070665543282,0.00019527767100158133,surface,1
4,24.573546955339353,24.49807153874849,0,0.0754754165908566,3.9440891806380796,1.2018197342288814,0.75,0.4182068381450672,5646,3.2352410472720687,0.2191021080063591,surface,0
4,127.81635309980832,28.243123339068248,0,156.05947643887657,42.50133298170702,1.2089481386547565,0.75,0.24856642263650297,5647,2.433242831679176,16.466950864241092,surface,0
4,66.20091883286878,0.025699125670982426,1,66.1752197071978,14.214934541364817,1.6948657309204092,0.75,0.8494765391462437,5648,14.20887913217909,0.000426170785844171,surface,1
4,54.54394006769803,3.499791946859972,0,58.043732014558,6.903300141520755,1.2805031190476828,0.75,0.5312000461994714,5649,3.5044173694257763,0.9698852658785644,surface,0
4,118.56694695643188,0.11777712504458293,1,118.68472408147646,4.593518160833712,1.1798437283926884,0.75,0.8201035526879323,5650,4.568662897432914,0.005440380251027888,surface,1
4,173.17580816873252,0.19745119005830247,1,172.9783569786742,10.191954386791007,1.5096855241119715,0.75,0.7933019171736329,5651,10.169771878007998,0.002181219898450104,surface,1
4,163.45695153166514,79.98279130778508,0,63.43974283945022,2.269241615735591,1.1755196156822154,0.75,0.31350711493540934,5652,3.059882610124336,0.25838932244417634,surface,0
4,62.714905854496415,84.86765809431091,0,157.8472477601855,23.85093439600612,1.199503204595275,0.75,0.3296980612051242,5653,1.0773015192466975,21.13951616134717,surface,0
4,13.98820497809265,0.04785942821054334,1,14.036064406303192,7.552420952918424,1.310331386483059,0.75,0.7510847052053207,5654,7.5682901446391915,0.0020968001249276336,surface,1
4,91.38649964679558,1.2985179075959365,1,90.08798173919965,4.067672182712974,1.2667932409533205,0.75,0.7995534883617147,5655,4.063150632922032,0.0011128186472597612,surface,1
4,117.59253338314184,0.23273439046525368,1,117.8252677736071,3.1652505852429846,1.2673445445914755,0.75,0.5492960610170003,5656,3.180752093271985,0.004873535432638576,surface,0
4,77.46872918817724,0.2022038450910344,1,77.2665253430862,4.407141139402145,1.2235933246076103,0.75,0.7827043803775376,5657,4.376176923408123,0.007075631661141113,surface,1
4,35.16852738910168,0.004699679545865365,1,35.163827709555825,5.598268314048916,1.2844341503144128,0.75,0.7582741511149634,5658,5.571558852670719,0.004793893788879844,surface,1
4,44.42426707088689,64.61058750475897,0,109.03485457564587,3.9037456431051862,1.2619199199921125,0.75,0.2589390875910201,5659,1.357532972890826,1.8756175511466777,surface,0
4,126.11426273250295,79.80052589820258,0,25.914788630705527,28.20707479267646,1.1777286717968203,1,0.35658384788243497,5660,3.2252574075095968,7.745681732874999,surface,0
4,33.85126868274344,0.04680244447051507,1,33.89807112721395,13.196902610010564,1.5758009105573945,1,0.7250291279948722,5661,13.171849084684576,0.001902050742072392,surface,1
4,167.6950664476585,33.7410458478889,0,133.9540205997696,42.458170511813364,1.212446057614749,1,0.3002339204542885,5662,1.4826854839400492,27.63599257678449,surface,0
4,60.47551537896926,0.0779396052488579,1,60.55345498421812,12.280573152379626,1.487268162011517,1,0.7952766171103538,5663,12.265685049031717,0.001213801209503984,surface,1
4,64.6913506938153,14.669177025461579,0,50.022173668353716,4.319588379879362,1.1858712146801866,1,0.38724468230299847,5664,1.2449528292916183,2.4696803591644674,surface,0
4,143.22641664215146,3.0641973488006613,0,140.1622192933508,4.061095010363342,1.3060964057645585,1,0.6514548966391923,5665,4.12613393122443,0.01576267807714804,surface,1
4,65.61498082726953,0.10235406465372421,1,65.71733489192326,28.26726108622688,2.0016392601440955,1,0.8064837415640306,5666,28.197823989581074,0.002462498406666569,surface,1
4,90.9695410598483,0.7126569580469493,1,90.25688410180135,14.702954800643607,1.5008825660352503,1,0.7878870921756668,5667,14.716537719890024,0.0009229697572180617,surface,1
4,13.155216984579335,13.175019079239917,0,179.98019790533942,4.925406977397719,1.1634783756099198,1,0.4924802410471339,5668,4.070670343909182,0.20997441730142885,surface,0
4,161.02938463599955,0.031071462970174935,1,160.99831317302937,15.275923647838615,1.5442003220183649,1,0.7992876431086631,5669,15.310129628062391,0.002234205787590371,surface,1
4,74.36206465248311,0.15967344404583628,1,74.20239120843728,14.353531373147,1.50136307437537,1,0.7481318769097453,5670,14.388796987374626,0.002450907762377219,surface,1
4,116.33523417744716,21.1235534298297,0,95.21168074761746,4.457626764732687,1.173812319317205,1,0.3243204360114539,5671,1.2217642535959947,2.6485162760431415,surface,0
4,144.8084410130472,22.162565231010745,0,166.97100624405795,1.32152211130142,1.181565269777826,1,0.3711381879802557,5672,3.769768629438302,0.6494421166907722,surface,0
4,173.32665306420816,0.21118096861860636,1,173.11547209558955,8.843531687073348,1.31437549846043,1,0.666665934874204,5673,8.973919888699566,0.014529681927560989,surface,1
4,139.31072263567899,0.020017396412356447,1,139.29070523926663,11.865062632853855,1.5430368162139134,1,0.7893344588615838,5674,11.888314745452735,0.001955879626065138,surface,1
4,8.46271694049899,0.40765447200182336,1,8.870371412500818,13.209430018060699,1.4971628982552194,1,0.6904065910373748,5675,13.15464023113298,0.0041650540011006765,surface,1
4,83.18684979503237,83.12338066645259,0,0.06346912857978289,2.2969394773507705,1.2532111337806942,1,0.3331111403055026,5676,2.1772867603656443,0.05495496466668093,surface,0
4,137.72043816486158,0.17661732424747356,1,137.89705548910905,6.9957047195492645,1.347449871472647,1,0.7693336414304608,5677,6.977039351119409,0.0026752562928946677,surface,1
4,18.851460162008692,1.0342944454129679,1,17.81716571659572,4.288386950833746,1.1774194683141688,1,0.653278201162533,5678,4.209554515439597,0.01872702565200468,surface,1
4,149.2188370216287,3.7898344977863587,0,153.00867151941506,1.7714680840371675,1.2557548973590742,1,0.4459528074761707,5679,1.7492166013688653,0.012720827512664235,surface,0
4,154.87298635962915,0.8777689852711319,1,155.75075534490028,4.260952901277347,1.2220993589224585,1,0.6999044064891524,5680,4.263733286717182,0.0006521011641363872,surface,1
4,109.46343153292545,14.501060292864764,0,94.96237124006069,4.193290573413036,1.207576143361942,1,0.3428067324999072,5681,1.7590942042320037,1.383778289602045,surface,0
4,76.19594712528497,89.72262512341825,0,165.91857224870324,4.41842845906297,1.1994984173081265,1,0.33467294747268567,5682,1.1302707687469096,2.909176970011816,surface,0
4,147.24563665401652,3.5059022913515605,0,143.73973436266496,7.070798052632782,1.1897125560753095,1,0.477613305893964,5683,2.0100363679735214,2.5177463280236165,surface,0
4,166.49467972551062,84.53511622561702,0,81.9595634998936,3.6682594568626112,1.1680975123012365,1,0.3716204555504628,5684,3.284313035072359,0.11690311419471411,surface,0
4,7.224603050736591,1.3469088023884552,1,5.877694248348142,5.135733862225188,1.2196076859454703,1,0.6494194293835897,5685,5.08053624013608,0.010864526790114848,surface,1
4,90.65045696931399,32.75818403822516,0,57.89227293108883,2.53061123727252,1.1619803032814047,1,0.34032611763182524,5686,1.8793664356806603,0.3465235886028766,surface,0
4,156.52138852147658,23.251582992359346,0,179.77297151383593,4.257730418818021,1.18260135069927,1,0.3772168993296075,5687,2.4279318833480255,0.7536449222565391,surface,0
4,78.87898120578167,88.03439714306643,0,170.84458406271526,10.555318579034282,1.153017773159517,1,0.35309613216262714,5688,4.619537870512436,1.2849295481288916,surface,0
4,136.45686317901843,88.40954604640814,0,48.047317132610296,26.392528874460314,1.2810908857983745,1,0.27538577246129814,5689,1.5646900454097152,15.867576394371074,surface,0
4,173.07354379865356,26.14221108900088,0,146.93133270965268,2.8865333911060334,1.2075539205122994,1,0.28999863675073007,5690,3.248151505611684,0.11133043328825631,surface,0
4,59.4047245287712,0.29129630622988145,1,59.113428222541316,22.094270564360134,1.9011466201699492,1,0.8342241560112713,5691,22.087022222171612,0.0003281719969134844,surface,1
4,45.02907027969327,0.4341555481473307,1,45.4632258278406,6.44762976993605,1.2376581720180366,1,0.6979559715243844,5692,6.456163258112921,0.0013217584245794889,surface,1
4,127.59188419402572,1.3909103567519452,1,128.98279455077767,4.255441243016342,1.2273202307060544,1,0.6536719073465965,5693,4.29314753511561,0.00878290154038508,surface,1
4,137.97896655706563,47.912340189189635,0,90.066626367876,46.37190042667428,1.2069946955338506,1,0.3222891876771069,5694,3.753276269827912,11.355045856723047,surface,0
4,131.01941453437513,0.1380897601579818,1,131.1575042945331,12.875256202724405,1.5318679846059458,1,0.8511835820597299,5695,12.841049424801826,0.002663861557647307,surface,1
4,27.717477547769175,3.356941444096506,0,31.074418991865677,5.853849916658376,1.1875415183434355,1,0.49181638245289994,5696,5.539769472070887,0.05669558023505239,surface,0
4,150.54465000385346,9.553928443992334,0,140.99072155986113,1.3996588811413821,1.2170015222761488,1,0.46070864423265356,5697,1.679215948362643,0.16648071231925188,surface,0
4,77.53885830999988,0.1489407215873797,1,77.68779903158726,10.305594254638159,1.356269398364,1,0.7356265346117074,5698,10.324635737794123,0.0018442765090744828,surface,1
4,153.4731642940489,68.68598939267838,0,42.15915368672728,0.29059630215735033,1.2262606206929234,1,0.47790956762148523,5699,5.060219403000355,0.9425723908364434,surface,0
4,25.65433668553485,0.013813138571407535,1,25.668149824106262,21.524162772120047,1.559899561442999,1,0.7352697191943991,5700,21.54956545799126,0.0011788026965431353,surface,1
4,48.017406372104325,0.12780102830818407,1,47.88960534379614,22.06969167552086,1.8024231910201,1,0.7758150591761741,5701,22.044932501233625,0.0011231231615633774,surface,1
4,111.71206738177695,7.429426535576766,0,119.14149391735371,4.4461641623715,1.166979497561485,1,0.3955476692152571,5702,1.0140487212226306,3.384566608407922,surface,0
4,150.26596193832054,29.93941297124269,0,0.20537490956321938,5.379201675977545,1.2730532671375279,1,0.4004523790415588,5703,1.6017605283169796,2.3583058021973127,surface,0
4,121.30573977255376,0.14289317600733398,1,121.16284659654643,22.724387002877815,1.8936243415348295,1,0.7924478749213347,5704,22.824311054652483,0.004377965737296541,surface,1
4,55.071869340777056,34.8361041181101,0,89.90797345888716,0.3452798802801961,1.1877855642779178,1,0.28942142528638376,5705,1.6553552759261974,0.7914164498089351,surface,0
4,2.9164310438626218,0.06317448706109019,1,2.8532565568015364,7.36587958545716,1.2339549845550013,1,0.6872297399004994,5706,7.370008099005665,0.0005601776135174541,surface,1
4,159.252679510627,25.40247712072454,0,133.85020238990245,5.665230818086131,1.1942801292002763,1,0.32939962395757183,5707,6.063766119806153,0.06572405561921024,surface,0
4,59.09486362283689,58.98650714656726,0,0.10835647626962605,49.72148628421088,1.1877707347178244,1,0.3362696246048049,5708,2.3582265673070237,20.084270262034373,surface,0
4,19.65467115045667,0.0561590521999733,1,19.598512098256705,17.4839727539228,1.4841057685366899,1,0.7617558445076441,5709,17.445808422629305,0.002187593166733892,surface,1
4,165.47323282665246,0.08576352272780241,1,165.38746930392466,25.739090656232147,1.857704189209999,1,0.7674287475547567,5710,25.772535877040045,0.0012977077990099506,surface,1
4,87.95754886108203,0.13359277365607625,1,88.09114163473811,26.344805297961084,1.8731622329407274,1,0.8087658837134529,5711,26.288559081109717,0.0021395701711084403,surface,1
4,166.77823754985297,0.1622423033736311,1,166.9404798532266,3.682119550142662,1.223989387363936,1,0.6341903974760601,5712,3.669785332167356,0.003361018931322901,surface,1
4,161.9051430644676,18.128361994704505,0,0.03350505917211402,1.964754015847511,1.2421329247701225,1,0.3735610583651957,5713,1.33161310409189,0.4754691207303787,surface,0
4,137.65907006971358,0.17970473915815433,1,137.47936533055542,9.645059463308497,1.3993376455949629,1,0.7603876166288827,5714,9.639304045380612,0.0005970781604967001,surface,1
4,13.941864829245,5.109525195764348,0,19.051390025009347,4.644188169410126,1.281721441613577,1,0.434061556240437,5715,2.1506876835652715,1.1593968314875407,surface,0
4,178.98503125822074,0.9632739434174198,1,179.94830520163816,5.150986211261808,1.2999745486394312,1,0.6217933077914409,5716,5.247896183618287,0.01846644235436501,surface,1
4,10.08384064758673,0.8724254823165296,1,10.956266129903264,4.0916357586739345,1.2063376592825183,1,0.5847641827178889,5717,4.019030155169978,0.018065453778832286,surface,0
4,65.11537784091448,8.87388516363876,0,73.98926300455324,20.811760218361005,1.2400208764794538,1,0.35734097991723873,5718,2.8651401425288734,6.263784381587636,surface,0
4,128.08725703944168,0.13595617635468216,1,128.22321321579636,17.00874237426064,1.6760466372557616,1,0.7953303699704776,5719,17.009925852614323,6.957575029653551e-05,surface,1
4,151.93498488123458,0.2782994563994805,1,152.21328433763406,24.658628404658632,1.5894292277588404,1.5,0.7128426784359646,5720,24.68256713923571,0.0009698640519051338,surface,1
4,120.46376364122696,37.700812898026584,0,82.76295074320038,2.3116374932901946,1.1672647632126896,1.5,0.35715982178360645,5721,3.267383440580265,0.2925111070283004,surface,0
4,54.15299956368644,35.794131276990214,0,89.94713084067666,27.27846260549081,1.2618499027892505,1.5,0.322354569334432,5722,1.2168262750966568,21.41771332832535,surface,0
4,85.4435864992869,85.40995254928553,0,0.03363395000135522,51.78727647642494,1.2153298332436822,1.5,0.28270259867118347,5723,6.701252862828654,6.72799915724492,surface,0
4,50.18705331673032,0.07184747196691887,1,50.25890078869723,15.196244014684854,1.3145031174786188,1.5,0.6669549201469146,5724,15.174994276521673,0.0014003127629549361,surface,1
4,73.79788985297736,0.1248399677592289,1,73.92272982073659,19.610957663582642,1.4718644099767657,1.5,0.6600263709904992,5725,19.57727779712893,0.001720354934057866,surface,1
4,3.1771042359810964,79.96647139693792,0,103.21063283904317,0.5270879444194392,1.159785741590896,1.5,0.26091923258479083,5726,4.467368834656105,0.882013783968206,surface,0
4,82.34619868769549,0.5624792081996048,1,82.9086778958951,8.423454412266114,1.33856339761986,1.5,0.613058917308157,5727,8.382562422487329,0.004878220729867433,surface,1
4,140.1596850742591,39.698505793685484,0,179.8581908679446,1.8277214886708626,1.2208172404735764,1.5,0.3277016544821432,5728,1.5780579940555512,0.15820932789275077,surface,0
4,39.01321167097945,0.12020618531609273,1,39.133417856295544,21.628566353374104,1.4441598739795258,1.5,0.6909743502330854,5729,21.61656944412454,0.0005549867327734326,surface,1
4,161.94638285061987,0.037796762082138,1,161.90858608853773,11.303259103786672,1.3605022565999527,1.5,0.6144527947327777,5730,11.292427911674217,0.0009591553027545885,surface,1
4,17.10565947145751,17.27480590766544,0,179.83085356379206,4.6318344015613215,1.1793633405323534,1.5,0.3454342703433626,5731,3.082778773204385,0.502486795945716,surface,0
4,62.70507424414028,0.13975789917972747,1,62.844832143320005,26.801050011027648,1.6287312559142961,1.5,0.746197779438702,5732,26.855597306757094,0.002031133216155334,surface,1
4,92.79794978799895,0.13062389073955671,1,92.9285736787385,15.742705770387884,1.3960722897932032,1.5,0.6750990127219357,5733,15.83458390225577,0.005802371090711023,surface,1
4,0.3811480208915219,52.29929949995889,0,52.680447520850414,6.226947523102726,1.1619367164007568,1.5,0.28773665559373507,5734,2.4348821354492345,1.5573917654760963,surface,0
4,164.62359566109416,44.67349525031027,0,119.95010041078389,4.370345945869867,1.2020701689086835,1.5,0.45089810313220946,5735,1.3763123551456726,2.1754026835044273,surface,0
4,97.6380815695313,3.334093630283931,0,100.97217519981523,4.260527533190602,1.182150955151084,1.5,0.530623501689884,5736,4.188249596203804,0.017257313664474472,surface,0
4,27.403489216938127,16.463393558435712,0,10.94009565850241,4.074228199683732,1.2007479513943111,1.5,0.4755720647969161,5737,1.924627164933128,1.1168921825050169,surface,0
4,82.25777448285281,83.71426501842058,0,165.9720395012734,7.92920987944173,1.2366279361668124,1.5,0.29350912321175643,5738,1.0032371368279185,6.903624764642059,surface,0
4,116.81400357149452,26.817653337347778,0,89.99635023414675,0.33792961902704294,1.2339742562038103,1.5,0.2720024137234466,5739,2.552671541438694,0.8676172732992571,surface,0
4,70.65450196170463,1.3040146100630352,0,71.95851657176766,6.884684642224007,1.224903326846887,1.5,0.4980081091156721,5740,3.2690443602868697,1.106023621416949,surface,0
4,37.69526491786811,0.3394151702340764,1,38.034680088102185,22.113845119136354,1.5047031700383893,1.5,0.614620944824954,5741,22.197698550913202,0.003777573228347042,surface,1
4,162.43332651937362,11.475042572424769,0,150.95828394694885,4.484206652911829,1.1915788632884294,1.5,0.5684667254677244,5742,4.127171625503573,0.08650840328567444,surface,0
4,80.92193580237189,8.347215883374929,0,89.26915168574682,4.450314274548298,1.1825699693377663,1.5,0.4053563214384419,5743,3.8687942749845377,0.15031039601248497,surface,0
4,112.79794886010495,22.978597086299544,0,89.81935177380541,3.32747048467169,1.2504929067884338,1.5,0.3657912241869023,5744,3.0542746434507952,0.08944704491676991,surface,0
4,137.111917479158,42.869398836430264,0,179.98131631558826,12.477048226549265,1.238185839027454,1.5,0.3032403108042217,5745,1.7189758297097881,6.258419816557714,surface,0
4,107.07404788311804,0.06536840990762016,1,107.13941629302566,12.689432175055039,1.2846132955673968,1.5,0.6128129075491361,5746,12.516599673782851,0.013808263088752604,surface,1
4,179.2477693249692,0.46102481620647495,1,179.70879414117567,22.7765409248847,1.5593360334865176,1.5,0.7028211900902003,5747,22.82827923846869,0.0022664132080880695,surface,1
4,170.69012480834652,84.93736071489965,0,85.75276409344687,29.82758943157335,1.2074046794668418,1.5,0.3381872854337761,5748,1.2483537670821787,22.893539009611377,surface,0
4,86.04033817220014,0.1304285487536987,1,85.90990962344644,19.964351000915993,1.474146265851477,1.5,0.7350881568885935,5749,19.92895159292379,0.0017762804945931077,surface,1
4,159.75088661835346,69.74427468167784,0,90.00661193667563,27.06563220725151,1.2632954979885544,1.5,0.31839872535986524,5750,7.872674433247275,2.4379209297605406,surface,0
4,75.4216650718218,0.478710988687979,1,74.94295408313383,11.267462831998673,1.280845245159161,1.5,0.7029255578429626,5751,11.278406865068852,0.0009703527458364558,surface,1
4,118.87393105116917,44.60278827618673,0,74.27114277498244,32.40502750958691,1.1790295136336275,1.5,0.3110322187596809,5752,3.6969469300521496,7.765348305697696,surface,0
4,66.11660617300353,0.033612009710736857,1,66.15021818271427,30.064802685711484,1.591001308718249,1.5,0.7250572980536096,5753,30.127594702502385,0.002084202785218925,surface,1
4,81.11838992530555,38.96783148821925,0,42.1505584370863,17.88321771135385,1.16841227910742,1.5,0.30131673548798427,5754,3.89104226841007,3.5959967735485856,surface,0
4,118.45649096076228,28.278692573403006,0,90.17779838735927,48.719221449499194,1.22720984677876,1.5,0.3923453311660361,5755,9.962795942906574,3.8901153580473427,surface,0
4,157.7847982939827,64.169553367254,0,41.9543516612367,3.4413659066667592,1.165639877703005,1.5,0.3003633055792752,5756,3.5299019124263613,0.025081718403541897,surface,0
4,14.291918398099348,64.10411238814166,0,130.18780600995768,49.12617543702801,1.2205882192150541,1.5,0.30948995451864264,5757,9.030171749981424,4.440226033035204,surface,0
4,47.702502643353476,3.202847427014106,0,50.90535007036758,6.7508172660720405,1.2057350535880242,1.5,0.4771034593916009,5758,3.433189334866616,0.9663399269922057,surface,0
4,106.76124557290116,0.36987174120636723,1,106.39137383169479,21.013595333374095,1.3982248895376914,1.5,0.7308969288471008,5759,21.014054376799145,2.1844591092112786e-05,surface,1
4,34.963633339554434,0.23457375500534283,1,34.72905958454909,22.465817083658866,1.4578444416791108,1.5,0.6686804783430431,5760,22.454340572590432,0.000511104346677671,surface,1
4,94.86276611539928,81.84202680155178,0,13.020739313847503,20.669946639252554,1.2148320207879002,1.5,0.30102703185386676,5761,6.982835694554333,1.9601078334654667,surface,0
4,179.13717902862115,0.14169028151621887,1,178.99548874710493,23.749074299425924,1.5322023227136692,1.5,0.7057891630175256,5762,23.945889687728116,0.008219172094618643,surface,1
4,7.542905128061371,0.20702142201450613,1,7.7499265500758785,15.531596214321068,1.3400063750948858,1.5,0.5835548118396642,5763,15.257195679800203,0.017984991493827263,surface,0
4,81.28278198866646,8.622297575894393,0,89.90507956456085,0.3206073236102819,1.2168972628298518,1.5,0.5090045874255392,5764,3.5875644133223954,0.9106337094827597,surface,0
4,146.81289000237933,0.07527333505467482,1,146.888163337434,15.69345263911539,1.3441657926005401,1.5,0.7338730260976425,5765,15.699073636382172,0.0003580464298068575,surface,1
4,173.7483143831388,83.98876498412312,0,77.73707936726191,40.11428805145318,1.2167005878231931,1.5,0.32775166909029957,5766,1.0136360693078525,38.574645443353916,surface,0
4,58.48144849876609,0.28292016264083486,1,58.198528336125264,27.596079701030842,1.6319401930516788,1.5,0.6827328895940716,5767,27.56033794656257,0.0012968547242626638,surface,1
4,53.906883952438974,8.108679364617501,0,45.79820458782147,0.2992705156382174,1.2215086967228805,1.5,0.36667701370808314,5768,1.3683384768580702,0.7812891176418633,surface,0
4,91.01885312088146,48.909519629097574,0,42.109333491783886,7.17363441585729,1.190060596312873,1.5,0.31578605826731815,5769,4.110878895568709,0.7450366693093431,surface,0
4,81.41724029475186,75.57493607850131,0,156.9921763732532,55.05063379474454,1.1667172090309077,1.5,0.29624356766144516,5770,1.249561952243128,43.05594592242618,surface,0
4,81.88146355300125,1.9775224838072774,1,83.85898603680853,4.971007680367361,1.1884387060158865,1.5,0.5642806719084761,5771,5.076088522773631,0.020701144579104547,surface,0
4,166.70185052546486,63.241165082038464,0,49.943015607503334,7.399811049435798,1.224843594860024,1.5,0.34224870491259507,5772,4.639814749291758,0.594850538066275,surface,0
4,147.5356281547195,2.301133527710732,0,149.83676168243022,7.081595636240907,1.1969728288710044,1.5,0.4717216887134733,5773,3.429788464703265,1.0647324781452916,surface,0
4,111.54579600092787,72.53122189242248,0,39.01457410850538,67.60170955685669,1.286282943302321,1.5,0.3248022598681999,5774,2.4623607282981754,26.454023604242025,surface,0
4,105.97345560881432,1.000014862644747,0,106.97347047145907,4.567670531610031,1.2403280566040515,1.5,0.596449509945697,5775,1.4675730143407828,2.1123974664127885,surface,0
4,93.32518173334725,32.6273650167081,0,125.95254675005535,0.9637007723591574,1.1909820994992888,1.5,0.3354692517163331,5776,1.1484775948570711,0.16088848691985957,surface,0
4,82.60309321789842,0.232348679165014,1,82.83544189706343,19.81609877563969,1.4372875067624131,1.5,0.6388096198860675,5777,19.693223688169816,0.00623946030449507,surface,1
4,34.47222673796848,0.5071500157280582,1,34.979376753696535,14.237592310266663,1.3060958889661265,1.5,0.6758176804880354,5778,14.19667503910533,0.0028821728361483334,surface,1
4,60.49445329089315,0.12129120324314613,1,60.373162087649995,18.02012015230061,1.4151538896085327,1.5,0.730475675827484,5779,17.87690961242502,0.008010922635982576,surface,1
4,164.25613664349575,64.4589882614676,0,48.71512490496335,0.3311893398705483,1.1671654239763158,2,0.36038815319352613,5780,1.1481150612012812,0.7115364556545207,surface,0
4,5.336577554742796,23.749973554887987,0,29.086551109630783,2.4143497293713287,1.1790901926271746,2,0.3355448423529844,5781,16.060830017742088,0.8496746602321148,surface,0
4,151.41338693709565,38.30367232145332,0,113.10971461564233,4.7048074368757336,1.2061676658052334,2,0.32337370906922513,5782,1.7236355260932603,1.7295837000641932,surface,0
4,49.77139838553888,40.28185870451554,0,90.05325709005443,4.287718820615525,1.2250605056537558,2,0.2755905164150707,5783,2.5056302373020634,0.7112336675950737,surface,0
4,173.5078930837474,6.4724679086025105,0,179.98036099234992,10.243665313275164,1.218035394439263,2,0.4796640411423738,5784,9.977873710208659,0.02663810053985416,surface,0
4,74.14886661435351,76.8523464273627,0,151.00121304171623,46.70527779468272,1.1849385116383149,2,0.3121585817525631,5785,6.653785126641179,6.019354683949566,surface,0
4,10.377549346064114,46.62632580179809,0,57.003875147862196,42.97402521720219,1.1833129994923068,2,0.33867483628992523,5786,2.9550715470167175,13.542465227478662,surface,0
4,149.68215814834448,0.310162360079687,1,149.99232050842417,23.7297365485283,1.4198891262788158,2,0.549962550261389,5787,23.726729561670606,0.0001267341480788442,surface,0
4,141.41035664681058,51.56446001530003,0,89.84589663151056,2.281763104268523,1.2767985903939787,2,0.32028159078795804,5788,3.2688882635856693,0.3019758033070121,surface,0
4,94.58938808071119,0.6125956083695456,1,93.97679247234164,11.37895399574223,1.28898123615493,2,0.6528029858974275,5789,11.35629289809303,0.001995466113154265,surface,1
4,174.7723202718816,84.69934257303301,0,90.07297769884859,12.03971005001486,1.1965761673770716,2,0.30365967081714806,5790,2.693550967368944,3.469828191807051,surface,0
4,56.89030772878517,1.1274972675597041,1,58.01780499634488,8.16456138986589,1.2217789077758812,2,0.46765474859670253,5791,8.211446978105606,0.005709783959480963,surface,0
4,140.79057702557787,39.10078057501721,0,179.8913576005951,6.930223094719388,1.1541094737143298,2,0.3733121282469188,5792,1.7378140056042695,2.987896905175202,surface,0
4,95.87977777295255,63.89427294458391,0,31.98550482836864,55.58665185254128,1.2194913712943487,2,0.3456943858246949,5793,3.2770209241689168,15.962556278653782,surface,0
4,101.02986896277261,78.7300826659555,0,179.75995162872812,0.7601738037997623,1.2295077381567006,2,0.37539298887603917,5794,2.7207619714928306,0.7206026062681737,surface,0
4,91.94202633869345,1.8899404957702473,1,90.0520858429232,26.478456522771157,1.354864372806548,2,0.6233490852357568,5795,26.77711584294346,0.011153528330834273,surface,1
4,148.57720910569327,0.17279924052786555,1,148.75000834622114,11.084602765025307,1.2397411300471015,2,0.603121763168143,5796,11.149152160885507,0.005789623724632431,surface,1
4,95.34140057033414,0.8589026254636138,1,96.20030319579776,12.273198737311036,1.194637494708768,2,0.5485543690873151,5797,12.370486353275556,0.007864494021187718,surface,0
4,47.86546818663267,82.84393379962796,0,145.0215343870047,44.601928645183236,1.1431995104337227,2,0.2826785922444686,5798,1.232603346582508,35.18514323269174,surface,0
4,169.5426019306178,79.54347870261351,0,89.99912322800428,9.729635976489075,1.2353766532390122,2,0.34303665787383364,5799,19.37159206789442,0.49773689522326237,surface,0
4,33.28741761707329,33.43655712120341,0,179.85086049586988,6.106539732331028,1.212736200247742,2,0.35256062197956345,5800,3.3568519574236655,0.8191269111008719,surface,0
4,4.391165380357858,0.07474250992521547,1,4.3164228704326355,28.937646463393204,1.2481220578488696,2,0.5743557448556326,5801,28.8626630635962,0.0025979376758056283,surface,0
4,30.924557521991144,59.11882120165234,0,90.0433787236435,0.3573981701121744,1.2312031333959506,2,0.28208472573906695,5802,9.930740483024813,0.9640109243894657,surface,0
4,69.71602973409951,26.803571034315247,0,42.91245869978426,4.809776504580305,1.2048694163092124,2,0.4304370351551642,5803,8.709467959130443,0.44775312026516545,surface,0
4,162.35652312386108,17.92620359176766,0,0.2827267156287301,13.5305260777308,1.2063931175618439,2,0.37724958913932266,5804,4.806481532296942,1.8150583720779996,surface,0
4,39.57604440941866,0.8853054247235264,1,40.461349834142176,29.65347315150744,1.2680373109432455,2,0.6186127253353901,5805,29.50841662529789,0.0049157678655380455,surface,1
4,119.98473013901942,70.03294590201686,0,49.951784237002556,55.107608871742485,1.1996605080345435,2,0.4108291979885781,5806,2.3566803554242286,22.383573739605644,surface,0
4,74.78019494086377,10.430734910113486,0,85.21092985097725,51.82666257949861,1.1763616252610996,2,0.3279432619819913,5807,1.058301529258732,47.971546526819864,surface,0
4,161.10403304121488,18.79600784943915,0,179.90004089065403,2.415961909955968,1.2203219318502787,2,0.42883218881369806,5808,6.493657641376025,0.6279505259775262,surface,0
4,27.985099353251307,61.89967232360712,0,89.88477167685843,1.7264306914505398,1.182097510744713,2,0.37482660145642466,5809,1.7528977594207726,0.015099036910731556,surface,0
4,156.28408817784663,0.5751816636404499,1,155.70890651420618,26.6039405867609,1.3510096415303883,2,0.6007032907722134,5810,26.602520021373355,5.339965485995357e-05,surface,1
4,158.55831479994663,65.38264992021837,0,43.940964720165006,5.5655571039664675,1.2106806124857954,2,0.44005459733824376,5811,6.824592211878716,0.18448503131378358,surface,0
4,123.16280732703149,0.5081771088048725,1,123.67098443583636,31.74321465777327,1.4126041026545935,2,0.6751731919217984,5812,31.693257166181574,0.0015762813941699871,surface,1
4,138.25716670752243,48.30320078406291,0,89.95396592345952,33.399039934469556,1.3264714313630186,2,0.32345160788538524,5813,1.182660041325084,27.240609107794302,surface,0
4,100.83180971575594,48.96013963644743,0,51.87167007930851,27.453772240490554,1.2662381684357618,2,0.245179991236482,5814,16.639519695514995,0.6499137440782277,surface,0
4,144.3304333798207,0.05790308178762871,1,144.27253029803308,26.559997963824156,1.373514591383918,2,0.6226608335626556,5815,26.32445969926454,0.008947506131196992,surface,1
4,81.04126906006785,9.165985761357149,0,90.207254821425,2.696733196270666,1.205580472701217,2,0.371397846536108,5816,11.52684122711166,0.7660475109236496,surface,0
4,8.950674296099237,40.975102780762086,0,49.92577707686133,52.12124561805825,1.168039271927158,2,0.2988796703943341,5817,11.253862779256595,3.631409378309593,surface,0
4,13.716212733900823,38.40447530678932,0,52.12068804069016,24.159135931678698,1.147755641632034,2,0.33679424996535995,5818,1.5080698003451438,15.01990566096445,surface,0
4,20.732975133142762,14.321790549444458,0,35.05476568258722,1.9375662094139532,1.2235394491107274,2,0.32063487103267474,5819,1.831558002642293,0.05787870578967613,surface,0
4,108.44657018701744,0.37743096745900573,1,108.82400115447645,29.922465732694427,1.5121580072482195,2,0.5246367672175692,5820,29.889855366186598,0.0010910178757412847,surface,0
4,23.42811881839143,66.48273997190054,0,89.91085879029197,44.199508069816844,1.1502603287498365,2,0.27381488505032725,5821,2.586874031185442,16.086068953099467,surface,0
4,176.24520586113604,0.6999625922912003,1,175.54524326884484,23.036944141886977,1.2952988414833606,2,0.6542422201098299,5822,23.244723438960257,0.008938772604410672,surface,1
4,137.35080828609927,0.6052356778166939,1,137.95604396391596,17.600686354433197,1.3124645451154644,2,0.5911610471938189,5823,17.7660349969605,0.009307008713851483,surface,0
4,69.098265123861,0.10271722432391073,1,68.99554789953709,22.89197582947869,1.3489747149525313,2,0.6395878351978616,5824,22.871518010540388,0.0008944670366379803,surface,1
4,161.9702282917419,24.898566681531577,0,137.07166161021033,1.0759374580916246,1.1912431637991374,2,0.36203728850636263,5825,5.228029235018835,0.7941982705672938,surface,0
4,88.15824089341318,1.552393116842481,1,89.71063401025566,12.350459473496473,1.2328845750221946,2,0.5000915565122549,5826,12.782280106964768,0.03378275470845027,surface,0
4,122.79795238440686,4.62025777185228,0,118.17769461255457,7.102357616948867,1.1387323322527483,2,0.5033712604938437,5827,3.6234716588248075,0.9600974661003305,surface,0
4,70.01483904049736,69.89148754380412,0,0.12335149669325157,2.053783224213557,1.1866998108614357,2,0.27531221755911506,5828,9.090726516983027,0.7740793081414626,surface,0
4,131.6518819636792,41.505390369518366,0,90.14649159416082,30.040939419859896,1.2243956219587488,2,0.31727981246549924,5829,3.0300148021395725,8.914453024667472,surface,0
4,106.81598628938629,0.06749506762125179,1,106.88348135700754,14.856604165290335,1.2385861054376597,2,0.5804880250938158,5830,14.964981641442167,0.00724207210864225,surface,0
4,31.081718509300057,31.094436426228754,0,179.9872820830713,4.228149421192539,1.2732604148548148,2,0.3611795179882635,5831,7.584880142048962,0.4425555391768714,surface,0
4,160.5970756125819,19.370091848716896,0,179.9671674612988,2.09356036717999,1.3704977023381735,2,0.3644745425426834,5832,1.2402473458319592,0.6880184216605822,surface,0
4,76.47614270075663,76.49579697727933,0,179.98034572347728,2.480077316584535,1.1921814099863735,2,0.420767201214715,5833,7.902165060210428,0.6861521750447348,surface,0
4,36.673812142483186,19.28888440012767,0,55.962696542610864,41.7065685976448,1.1651388668812974,2,0.3249488744743309,5834,1.875455650692529,21.238099089276925,surface,0
4,139.98831206120184,40.07602335808906,0,0.06433541929089273,2.883639327609984,1.2389720791209222,2,0.28162744449001553,5835,10.408572648725903,0.7229553537330629,surface,0
4,146.07207920702854,0.11728563033096862,1,145.95479357669757,20.721243201500446,1.3564315450088453,2,0.7231414649873508,5836,20.60620549823681,0.005582672815404033,surface,1
4,39.70588623792215,21.49910780442005,0,18.2067784335021,3.9200263667725506,1.2053589433614134,2,0.42638816007382707,5837,11.94185207097246,0.6717405019359505,surface,0
4,141.39718517997886,38.538293773482394,0,179.93547895346126,4.200448055167832,1.195210383996585,2,0.2674054620783788,5838,2.5672292343070904,0.6361795818757714,surface,0
4,81.15588866709513,0.4755542902587848,1,81.63144295735391,28.519125641642486,1.342274857542388,2,0.5151660130109763,5839,28.480074650856203,0.001371168835230252,surface,0
